:020000040800F2
:10000000784000200D03000871530008F3480008F1
:10001000A9520008612C0008896B0008000000004C
:100020000000000000000000000000007502000851
:10003000A72C000800000000B90200080D650008A8
:1000400027030008270300082703000827030008E8
:1000500027030008270300082703000827030008D8
:1000600027030008270300082703000827030008C8
:1000700027030008270300082703000827030008B8
:10008000652C0008712C00082703000827030008CE
:100090002703000827030008270300082703000898
:1000A00027030008896500082703000827030008C4
:1000B0002703000827030008270300082703000878
:1000C0002703000827030008270300082703000868
:1000D0002703000827030008616B000827030008B6
:1000E00027030008270300082703000800F002F890
:1000F00000F0B0F80AA090E8000C82448344AAF112
:100100000107DA4501D100F0A5F8AFF2090EBAE80F
:100110000F0013F0010F18BFFB1A43F0010318473B
:10012000DCAE0000FCAE00000A444FF0000C10F8FA
:10013000013B13F0070408BF10F8014B1D1108BF65
:1001400010F8015B641E05D010F8016B641E01F805
:10015000016BF9D113F0080F1EBF10F8014BAD1C55
:100160000C1B09D16D1E58BF01F801CBFAD505E073
:1001700014F8016B01F8016B6D1EF9D59142D6D3CD
:10018000704700000023002400250026103A28BFF5
:1001900078C1FBD8520728BF30C148BF0B607047F9
:1001A0006E2900F07F82702900F0C183662909F072
:1001B0007384652909F07084672909F06D846129C9
:1001C00009F06C8403681B0A28BF41F0800169298B
:1001D00000F02C82642900F02982752900F0268223
:1001E0006F2900F04E83782900F08D83E92900F013
:1001F000E982E42900F0E682F52900F0E382EF29A4
:1002000000F04B83F82900F08C830368DB0928BFDA
:1002100041F08001632901F0A381732901F0A881D5
:10022000E32901F0B381F32901F0B8810020704780
:100230001FB501F089FA04000020002108F0B0FC8D
:10024000401C60600020002108F094FCE0601FBDAD
:1002500010B510BD01F053FA1146FFF7E9FF06F0A3
:10026000F3FF01F0B1FD03B4FFF7F2FF03BC01F0AF
:10027000DFFF0000224B19680868B0E8F00F80F338
:100280000988BFF36F8F4FF0000080F311884EF0A4
:100290000D0E70470000000006480068006880F3FB
:1002A000088862B661B6BFF34F8FBFF36F8F00DF70
:1002B00000BF00BF08ED00E0EFF30980BFF36F8FD0
:1002C0000F4B1A6820E9F00F106008B54FF050008E
:1002D00080F31188BFF34F8FBFF36F8F07F002FFDA
:1002E0004FF0000080F31188BDE8084019680868E5
:1002F000B0E8F00F80F30988BFF36F8F704700BF3D
:1003000010000020EFF30580704700000948804787
:1003100009480047FEE7FEE7FEE7FEE7FEE7FEE7E7
:10032000FEE7FEE7FEE7FEE704480549054A064BFF
:100330007047000085650008ED000008783A00204D
:1003400078400020783C0020783C00201CB50C460A
:10035000064B7B4469460090204600F0BCF90446F9
:100360000020694600F0CAF920461CBDA703000022
:1003700070B5064600F0E8F80468054630460A22E3
:10038000002100F0F5FB2C6070BD0000014A00F078
:1003900027BC0000BC01002010B5431C02E010F88F
:1003A000011B71B18107FAD14FF0013202C88C1ADA
:1003B0008C4314EAC211F9D0C01A0A0603D0C01E39
:1003C00010BDC01A10BD0A0401D0801E10BD090264
:1003D000FCD0401E10BD032A40F2308010F0030C08
:1003E00000F0158011F8013BBCF1020F624498BF88
:1003F00011F801CB00F8013B38BF11F8013BA2F125
:10040000040298BF00F801CB38BF00F8013B11F09F
:10041000030300F00784083AC0F0088051F8043B59
:10042000083A51F804CBA0E80810F5E7121D5CBFAC
:1004300051F8043B40F8043BAFF30080D20724BFDF
:1004400011F8013B11F801CB48BF11F8012B24BF73
:1004500000F8013B00F801CB48BF00F8012B7047C2
:1004600002F0FF0343EA032242EA024200F00EBC1C
:100470004FF0000200B5134694469646203922BF3D
:10048000A0E80C50A0E80C50B1F12001BFF4F7AF88
:10049000090728BFA0E80C5048BF0CC05DF804EB6A
:1004A000890028BF40F8042B08BF704748BF20F8D8
:1004B000022B11F0804F18BF00F8012B704700008D
:1004C0004FF0013C50F8042B51F8043B9A4221D1E3
:1004D000A2EB0C03934313EACC1317D150F8042B6F
:1004E00051F8043B9A4215D1A2EB0C03934313EA53
:1004F000CC130BD150F8042B51F8043B9A4209D18C
:10050000A2EB0C03934313EACC13DBD04FF00000B3
:10051000704700BFD01A01BAB1FA81F101F0180199
:1005200022FA01F0CB40C1F12001DBB2C0B2C01A07
:100530002CFA01F3D11A914311EAC311E6D17047A5
:10054000704770477047000000487047183A002015
:1005500010B5FFF7F9FF006810BD10B50446FFF7AE
:10056000F3FF046010BD70B5044685690068C106DC
:1005700001D5302600E02026C00707D070BDD4E9A1
:10058000012130469047206A401C20626D1EF6D53E
:1005900070BD70B5044685690078C00707D170BD8D
:1005A000D4E9012120209047206A401C20626D1E62
:1005B000F6D570BD09684A0501D540B27047C90536
:1005C000FCD500B2704709684A0501D5C0B2704732
:1005D000C905FCD580B2704770B50C460546012AA6
:1005E00005D02878800600D5EA69002302E00123BF
:1005F00005E05B1C934202D2E05C0028F9D1A869B7
:10060000E618C01AA861286A184428622846FFF72D
:10061000AAFF04E0D5E9012114F8010B9047B44288
:10062000F8D32846FFF7B5FF70BD00002DE9F04173
:100630000646002410687529314616A510D0FFF72C
:10064000B9FF002802DA404213A507E031688A07A3
:1006500001D512A502E0490704D511A5012401E046
:10066000FFF7B1FF00210A2206F1240709E0B0FBE1
:10067000F2FCB0FBF2F302FB1C0030307854184659
:10068000491C0028F3D123462A463046BDE8F041F4
:1006900000F076BB000000002D0000002B000000E1
:1006A0002000000011680268006A530501D5087037
:1006B0000AE0D30501D5088006E0130603D5C2176A
:1006C000C1E9000200E008600120704701694A1C8E
:1006D00002610878704700B58FB0CDE90131002183
:1006E000059105497944CDE903101146684600F0AB
:1006F00029F90FB000BD0000E5FFFFFF0A6802F80E
:10070000010B0A60704700002DE9FF5F15468A461D
:100710000446DFF8AC80F8440027D8E900103E46D4
:10072000CDE9001010E03AF816106A4602A800F071
:10073000A8FF411C07D02178890603D5E269391842
:1007400091420DD80744761C2078800602D5E069D6
:10075000B84205DDAE42E6DB3AF816000028E2D1E9
:10076000A069C01BA0612046FFF7FDFED8E900107C
:10077000CDE90010002017E03AF818106A4602A8E8
:1007800000F07FFFB0F1FF3F81460BD000250DF157
:10079000080B05E0D4E901211BF8050090476D1C0A
:1007A0004D45F7D308F10100B0428046E4DB206AF2
:1007B000384420622046FFF7ECFEBDE8FF9F0000B2
:1007C000DAA600002DE9F0418046D21D22F0070292
:1007D0000025D2E90002F52915A614D0011E72F1F8
:1007E000000106DA0023D0EB030063EB020211A63E
:1007F00008E0D8F800108B0701D50FA602E04907E2
:1008000001D50EA601251146002408F1240704E0B5
:1008100000F068FA30323A55641C50EA0102F7D110
:100820002B46324621464046BDE8F04100F0A8BACA
:10083000000000002D0000002B0000002000000040
:1008400030B4002100F1240408E002F00705D208CA
:10085000303542EA4372DB086554491C52EA03050D
:10086000F3D10468002310A2250707D5A40600D4FD
:1008700021B1C46901230DA2641EC46130BC00F023
:100880007FBA10B5044621461068FFF79CFE024669
:100890002046BDE810400023D2E7D21D22F0070118
:1008A000D1E90023CCE70000000000003000000088
:1008B000F0B40D460188090502D5214C7C4402E0C4
:1008C0001F4C7C440E34002100F1240608E002F0A5
:1008D0000F071209E75D42EA03721B097754491CAE
:1008E00052EA0307F3D102780023120704D5702DD2
:1008F00006D009B1022311342246F0BC00F040BA00
:1009000001231034F8E770B504460D4621461068FF
:10091000FFF759FE024629462046BDE870400023F5
:10092000C6E7D21D22F00703D3E90023C0E703681E
:10093000126843F0200303600823C3610023B7E774
:100940003CA500002DE9F05F894604464FF0000AFF
:10095000DFF874B1FB44C0F820A02046E168884766
:10096000002874D0252806D0D4E901219047206AB8
:10097000401C2062F1E700265F462046E168884778
:100980002028054607DB312D05D2781910F8200CF8
:1009900008B10643F1E7B00701D526F00406C4F814
:1009A0001CA00027C4F818A02A2D09D0284606F05C
:1009B000EAF938B304EB8708303DC8F8185019E05D
:1009C00059F8041B204604EB87029161E1688847CF
:1009D000012F054618D1E069002820DA26F020060C
:1009E0001DE0D8F8180000EB800005EB400030381F
:1009F000C8F818002046E1688847054606F0C3F9A4
:100A00000028EED1012F0AD02E2D08D12046E16812
:100A100088477F1C0546022F46F02006C4DBA069EC
:100A2000002803DA404246F00106A061F00701D039
:100A300026F010066C2D0BD0682D09D04C2D39D026
:100A40006A2D35D0742D35D07A2D33D016E038E0AC
:100A5000E1682F4620468847B842054609D16C2FE9
:100A600026D04FF48060E16806432046884705465B
:100A700004E06C2F1AD04FF4807006430DB3A5F13B
:100A80004100192802D8203546F400664A46294616
:100A9000204626604E46FFF783FB80B101280BD02D
:100AA000F61D26F0070000F1080956E74020E4E7AC
:100AB0008020D8E70020D6E706F104094DE7284654
:100AC00052E7206ABDE8F09FCCA400000FB40023D9
:100AD00000B589B00CA900910B99CB60214B7B44E8
:100AE0000693214B7B44079304236FF00042CDE92A
:100AF00001321E4A7A446B4608920246002009F0F1
:100B000055F809B05DF814FB70B506464FF0FF309C
:100B100015460C46324686B00091CDE90101694682
:100B20000020049004A8FFF7D1FF02460498211882
:100B300025B108B1084600E0204628600498002846
:100B40000DD0002A02DD0098884208D03246081BEA
:100B500069460094CDE9010404A8FFF7B7FF06B089
:100B600070BD0000C30A0000DB0A0000770200002D
:100B70002DE9F04791460F4680460446002614F8BA
:100B8000015B2DB100F0A6F80068405DC007F6D10A
:100B90002B2D02D02D2D18D0641E4A4639462046F2
:100BA00000F020FD27B13968A14201D1C7F80080CB
:100BB0004FF0020471050BD54042002803DDFFF71A
:100BC000C3FC0460A007BDE8F08746F48066E4E754
:100BD0000028F8DAFFF7B8FC04606FF00040F2E795
:100BE0002DE9F04115460E46040002D12C6804B9E7
:100BF0000BA4204600F075FD0444207870B1274610
:100C00003146384600F05DFD0444207810B10020E4
:100C100004F8010B38462C60BDE8F0810027F9E7A5
:100C20000000000010B5203AC0F00B80B1E8185069
:100C3000203AA0E81850B1E81850A0E81850BFF4C6
:100C4000F5AF5FEA027C24BFB1E81850A0E8185065
:100C500044BF18C918C0BDE810405FEA827C24BFB9
:100C600051F8043B40F8043B08BF7047D20728BF47
:100C700031F8023B48BF11F8012B28BF20F8023B96
:100C800048BF00F8012B70474FF000020429C0F064
:100C9000128010F0030C3FF4EDABCCF1040CBCF16E
:100CA000020F18BF00F8012BA8BF20F8022BA1EB00
:100CB0000C01FFF7DFBB5FEAC17C24BF00F8012B0A
:100CC00000F8012B48BF00F8012B7047004870471F
:100CD000183A002010B500F037FD001D10BD00BF10
:100CE000C17E000030B5B0F10A024FEA900E71F1FA
:100CF00000034EEA817EB0EB0E0061EB91014FEAFA
:100D0000101E4EEA017E10EB0E0041EB11114FEA6E
:100D1000102E4EEA016E10EB0E0041EB11214FEA4E
:100D2000104E4EEA014E10EB0E0041EB11414018FF
:100D300041F100014FEAD00040EA41704FEAD10191
:100D400010EB80054FEA810444EA907444EB0104FF
:100D50006D1944EB0404521BA3414FF0000348BF3C
:100D60000A3200D530BD401C41F1000130BD10B544
:100D70000446FFF7AFFF0068005D00F0010010BD02
:100D80002DE9F0470D4699469246044600F12408A5
:100D90000168880604D5E06921F01001216000E0B7
:100DA0000120A84201DD471B00E00027A1697A1954
:100DB00002EB0900081AA0612078C00602D4204680
:100DC000FFF7D1FB002608E0D4E901211AF806005C
:100DD0009047206A401C761C20624E45F4DB207848
:100DE000C0060AD52046FFF7BEFB06E0D4E9012184
:100DF00030209047206A401C2062381EA7F101076E
:100E0000F4DC07E0D4E9012118F805009047206AD6
:100E1000401C2062281EA5F10105F3DC2046FFF7E7
:100E2000B8FB2078000602D50220BDE8F08701203B
:100E3000FBE770472DE9FF4F0C461E464FF0FF378A
:100E40008BB0D2E90001DDF860800A908A46C1F3D8
:100E50000A5505B93D46002108464FF00000BAF199
:100E6000000F00F4400005DA00EB80004FF4400171
:100E700001EA50004FEA9059B9F1010F00DDB9467F
:100E80000A9850EA4A000ED044F61050A5F2FF35F9
:100E900045432F14B8F1000F1ED07542291E1EDDE8
:100EA000C9F100021CE0B8F1010F4FF0000001D0C1
:100EB000302103E0F24305E02154401CB042FBDB4B
:100EC00030460022002121540B99C1F80880C1E965
:100ED00000200FB0BDE8F08FBD1B6D1CDEE74A4659
:100EE00000DA694206A800F0FDFE06AB93E80700B1
:100EF00003AB83E8070050460A9901F0B3F98DE887
:100F00000700A0F500501F3800900398002D0ADD5F
:100F100042F21F014A460844002303A90390684691
:100F200001F05EFC09E0A0F500504A461F3800239E
:100F300003A90390684601F07DFC8DE807000004DA
:100F4000000C03D04FF0FF30410800E01046B8F12C
:100F5000000F03D00022009215461EE0751E05D436
:100F6000FFF7C0FE303262556D1EF9D5B34601223F
:100F7000084302D000227F1C04E02078302801D1F1
:100F800000227F1E002A099784D01DE0112D07DA68
:100F9000FFF7A8FE303262556D1C50EA0102F5D110
:100FA000084302D00098C8B10EE00021681E05E099
:100FB000235C625C63542254401E491C8142F7DB6F
:100FC000AB46A81B401E0990002004F80B000B98AC
:100FD000099AC0F80880C0E9002B7AE711264FF083
:100FE000000857E72DE9F04F88460446D21D22F04D
:100FF000070191B0D1E90001CDE90A0105F0C5FD75
:1010000002460B98C00F01D02D2007E02068810711
:1010100001D52B2002E0202101EAC000032A09901B
:1010200001D0072A05DB03464146204600F090FB2D
:101030000BE12078800601D5E06900E00620B8F1D8
:10104000650F814606D0B8F1660F18D0B8F1670F6A
:1010500070D131E00020B9F1110F009001DB1123B4
:1010600001E009F101030AAA01A90CA8FFF7E2FEB9
:10107000DDE90C70002609F10105834647E00120F7
:101080004B4600904FF000470AAA01A90CA8FFF7B1
:10109000D1FEDDE90DB00C995D46002610B909F1CD
:1010A00001000D18B9EB050003D4C0F1FF3609F1BA
:1010B0000105A5EB09002BE0B9F1010F01DA4FF0B2
:1010C00001090020B9F1110F0090484601DD1123FC
:1010D00000E003460AAA01A90CA8FFF7ABFEDDE970
:1010E0000C704D4600268346207800070AD4AB4595
:1010F00000DA5D4601A8012D04DD411911F8011C3B
:10110000302907D04F4502DA17F1040F04DA012025
:1011100082460FE06D1EEEE7002F02DCED1B3E4421
:1011200003E0781CA84200DD7D1CB81B00F1010A19
:101130004FF000472078000703D4AA4501DB4FF0A9
:10114000FF3A0021B7F1004F0DF143088DF843102D
:1011500024D002202B23002F01DA7F422D230A21E5
:10116000021EA0F1010000DC5FB197FBF1FC97FBD0
:10117000F1F201FB1C7C17460CF1300C08F801CD94
:10118000EEE7A8F1010003702188090501D545218A
:1011900000E06521A0F1010800F8011C09980FA9E1
:1011A000A1EB0807FF1D00B10120411901EBEA7016
:1011B000A1693844081A401EA0612078C00602D4F4
:1011C0002046FFF7D0F9099828B1D4E901219047CA
:1011D000206A401C20622078C00622D52046FFF7F6
:1011E000C2F91EE0002E04DBB34502DD01A8805DDC
:1011F00000E03020D4E901219047206A401C2062A1
:10120000761CAAF101005FEA000A0AD100F09CFAFC
:10121000C0680168405CD4E901219047206A401C05
:101220002062281EA5F10105DCDC07E0D4E90121DC
:1012300018F8010B9047206A401C2062381EA7F165
:101240000107F3DC2046FFF7A4F9032011B041E6C3
:101250002DE9F04F04460D46D21D22F0070089B05B
:10126000D0E900974846394605F08FFC0246F80F52
:1012700001D02D2307E02068810701D52B2302E050
:10128000202101EAC0038DF820300BB1012000E0DD
:101290000020032A824601D0072A04DB2946204683
:1012A00000F056FA3FE12078800601D40D2500E0D9
:1012B000E569C7F30A560D2D49DA00214FEA175B9D
:1012C00008464FF00000002F00F4400007DA00EB62
:1012D00080004FF4400100EBD07001EA60008115FE
:1012E000012901DD4FF0FF3100224FEA850CBCF1EE
:1012F000180F06D31346ACF118004FF08052C240CD
:1013000003E04FF4801323FA0CF30CF10C0CBCF146
:10131000200F04D3ACF1200C09FA0CF001E007FA1D
:101320000CF000294FF0004801DD18B90FE00ED194
:1013300040450CD319EB02095F4121B9404502D168
:101340009F4329EA0209BBEB175F00D0761C208877
:10135000000502D57B48784402E07A487844193881
:1013600008AA302302F80A30037C0AF10101002E9A
:101370000AF1020A53546A4602DC4FF0300101E0E0
:101380004FF031014FF001088DF8001002D0A6F2A5
:10139000FF3603E059EA470100D06B4E002D02DC16
:1013A0002178090704D54FF002082E218DF801108D
:1013B000C44600210BE0C7F303433F01C35C491C53
:1013C0006D1E02F80830052908F1010801DA002D28
:1013D000F1DC00210CE000EB1973491C1B786D1E39
:1013E000082902F808304FEA091908F1010801DA62
:1013F000002DF0DC21688B0602D516E0A8F101086B
:10140000E04505DD02EB080313F8013C302BF5D075
:10141000B8F1000F09DD02EB080313F8013C2E2B95
:1014200003D1090701D4A8F10108002D05DD3E21F3
:1014300002F808106D1E08F10108407C002E02F829
:10144000080008F1010804DA2D20764202F80800AD
:1014500002E02B2002F808000A214FF47A7086423D
:1014600008F101080BDB96FBF0F3303302F808308B
:1014700096FBF0F308F1010800FB136601E0642E0F
:101480000CDB642096FBF0F3303302F8083096FB57
:10149000F0F308F1010800FB136601E00A2E06DBF9
:1014A00096FBF1F0303002F8080008F1010896FBD5
:1014B000F1F001FB1060303002F80800A16908F17A
:1014C000010808EB050202EB0A00081AA061207867
:1014D000C00602D42046FFF746F8216A08AE01EBA9
:1014E0000A00206204E0D4E9012116F8010B9047BC
:1014F000BAF1010AF7D22078C00602D52046FFF7DC
:1015000032F86E4609E016F8010B3E280FD0D4E9F8
:1015100001219047206A401C2062B8F10108F2D2F4
:101520002046FFF736F809B00320BDE8F08F206AA7
:101530002844206203E0D4E90121302090476D1E49
:10154000EBD3F8E7919B000002FCFFFF10B5436965
:1015500013B1AFF3008001E0FFF73EF8012010BDAA
:10156000127800F124010A7000224A700122EDE78E
:1015700011684FF0FF32E9E710B5436913B1AFF3DB
:10158000008001E0FFF7C0F8012010BD128800F1D3
:10159000240182840022C2840122EDE711684FF009
:1015A000FF32E9E7426842B1016811F8013B23B11B
:1015B000521EC0E90012184670470121C160881E02
:1015C000704742685AB1C368016843B983688B4267
:1015D00005D0491E521CC0E90012002070474FF090
:1015E000FF3070472DE9F05F824615468B46002795
:1015F0000AF10104B9460078302801D09DB113E00A
:1016000014F8010B0127782803D0582801D045B1E0
:101610000AE00DB1102D07D1002714F8010B102599
:1016200002E0082500E00A250026B0460EE005FB92
:10163000080005FB06F101271FFA80F801EB1046B0
:10164000B6F5803F00D3B94614F8010B294600F0E7
:10165000BFF80028EBDABBF1000F05D00FB1641E14
:1016600000E05446CBF80040B9F1000F06D0FEF779
:101670006BFF02210160C81EBDE8F09F48EA0640EA
:10168000FAE770B516460C460546FFF723FB0368DC
:1016900093F80101012806D0FF2C0FD8185D68B11E
:1016A00001202C7070BDD3F807013246214603F2A9
:1016B000071303442846BDE8704018474FF0FF3039
:1016C00070BD30B503461D781DB10A4603E0AC423B
:1016D00001D1181A30BD12F8014B002CF7D15B1C58
:1016E000F1E730B503461D783DB10A4612F8014BCB
:1016F0001CB1AC42FAD15B1CF5E7181A30BD754637
:10170000FFF7E4FAAE4605006946534620F00700AD
:10171000854618B020B5FEF707FEBDE820404FF023
:1017200000064FF000074FF000084FF0000B21F0CB
:101730000701AC46ACE8C009ACE8C009ACE8C00998
:10174000ACE8C0098D46704700487047383A002021
:101750002DE9F0411F46044603260168072A01F4DB
:10176000006004DB08B116A505E016A503E008B18A
:1017700015A500E015A521F010002060A069C01E8D
:10178000A0610FB1401EA0612046FEF7ECFE4FB1F4
:10179000D4E9012138469047206A401C2062C01CD1
:1017A000206206E0206AFAE7D4E9012115F8010B6E
:1017B0009047761EF8D22046FEF7EBFEBDE8F0819A
:1017C0004E414E006E616E00494E4600696E6600E5
:1017D0003A2800D2303820F02002412A01D3A2F169
:1017E0003700884201D34FF0FF3070472DE9FF4F9B
:1017F00006468BB00878FF2806D0491C2D2805D056
:1018000000244FF0000908E000200CE00124F8E774
:1018100009EB8903491C00EB43090878FF28F7D13D
:1018200014B1C9F100008146107800252C46AA4663
:1018300029462D2801D02B2804D1521C2D2813D045
:10184000002082468B461078FF280FD04FF0000C06
:101850000A21521CA5FB017804FB018105FB0C1138
:10186000C5194BEB0104EEE70120EAE70021084629
:101870004FF00000BAF1000F02D000EB80004008EA
:10188000C0F38157012F01DD4FF0FF370E9955EA64
:10189000040009EB01080BD04FF0020918F5FA7F9C
:1018A00016DA4FEACA70002F706008DD012007E0E9
:1018B0004FEACA70C6E900B00FB0BDE8F08F002053
:1018C0003060FEF741FEC0F800901821084616E08F
:1018D000B8F5FA7F18DD002F02DAF748784401E006
:1018E000F6487844D0E90010C6E9001040EACA7012
:1018F0007060FEF729FEC0F80090142108460FB072
:10190000BDE8F04F08F0C5B8002108464FF00000D0
:10191000B8F10001099002DAC7F1000200E03A468E
:1019200001DAC8F1000106A800F0DCF906AB93E883
:10193000070003AB83E8070044F23E005BEA0401C2
:101940000090584604D144F21E012C465D46009199
:10195000210C0904014306D10099240444EA1544EA
:101960002D041039009104F07F41014306D1009904
:10197000240244EA15642D020839009104F07041F4
:10198000014306D10099240144EA15742D01091F71
:10199000009104F04041014306D10099A40044EABB
:1019A0009574AD00891E009104F00041084304D1F4
:1019B00000986D196441401E00904FF001033A46B3
:1019C0006846B8F1000FCDE9014503A902DD00F03A
:1019D00046FF01E000F019FFBAF1000F04460D4682
:1019E00001D084F00044002108464FF0000009991E
:1019F00040F2FF77484010F00C0F07D124F0004070
:101A0000284303D0C4F30A50B84212D1FEF79CFD1C
:101A1000C0F80090C4F30A50B8420AD1A8487844EC
:101A2000D0E90010C6E9001004F0004108437060DE
:101A300042E7C6E900543FE72DE9FF4F1F464FF04C
:101A4000000A4FF0FF38454691B0D7E90146CDF87E
:101A50003CA0FFF779FEC0680168405C1090B9694E
:101A600012986D1C8847396A814688470028F6D14C
:101A7000B9F1FF3F0AD0002E24F4D06411DDB9F192
:101A80002B0F08D0B9F12D0F0BD102E0404615B055
:101A900013E744F48064B96912986D1C8847761E78
:101AA0008146600504A901D52D2000E02B20002EE1
:101AB00001F1010B0DF130088DF810003FDDB9F197
:101AC000690F08D0B9F1490F05D0B9F16E0F02D0F6
:101AD000B9F14E0F1CD13B4601A8009580E8500299
:101AE000DDE912126FF0020008F064F8C11CCED1DB
:101AF0000EE0B96912986D1C884781461398761ECE
:101B000044F4007405600F98401C002E0F9016DD01
:101B1000B9F1300FEDD0B9F1780F02D0B9F1580F0B
:101B20000DD10F9801280AD13B46CDE90054DDE9DB
:101B30001212001F029608F03BF8C11CA7D11099A1
:101B400089453ED144F0800406E01399681CAAF14F
:101B5000010A44F400740860B9696D1C1298761E7D
:101B6000884730288146F0D02BE01099894505D16F
:101B7000200603D4761E44F0800418E0484605F0A1
:101B800002F908B3761E0DF123018B4544F400746D
:101B900008D2A9F130000BF8010B200607D5AAF1F5
:101BA000010003E0200602D40AF101008246A005EC
:101BB00002D51399681C0860B96912986D1C884792
:101BC0008146002ED1DC53E0002E51DDB9F1650FC6
:101BD00002D0B9F1450F4BD1A00549D5B9696D1CAB
:101BE0001298761E24F440748847002E81460CDD3E
:101BF0002B2804D0B9F12D0F07D144F48074B969B2
:101C000012986D1C8847761E8146E00501D52D216E
:101C100000E02B2108F8011BCDF8008021E0761EA2
:101C20000DF13901884544F400740CD2A9F130005B
:101C300010F0FF0088F8000002D10099884509D90A
:101C400008F1010806E0E00501D51E4801E042F276
:101C50000F708246B96912986D1C884781461398A7
:101C60000560002E04DD484605F08DF80028D6D129
:101C7000F96912988847FF2053468BF8000088F8CE
:101C8000000000200A900B9004AA0CA90AA8FFF7F4
:101C9000ADFDA00502D46FF00100F8E614F0240FAA
:101CA00012D0E0071CD13868DDE90A12031D3B6041
:101CB0000068C0E9001213E0449700003697000066
:101CC000FA950000F1D8FFFF0AA9684604F0EAFF80
:101CD000E00705D13868009A011D3960006802608C
:101CE0002846D4E62DE9F047814616468AB03548A5
:101CF00078440DC88DE80D0032487844801C03AC50
:101D00000DC884E80D0041F69B300844372190FB54
:101D1000F1F290FBF1F5A5F1800501FB12041B3CEB
:101D200002D56442012000E00020DFF898A0804640
:101D30000027FA44AAF1BE0A0EE0E0070AD03246B4
:101D4000684607EB470101230AEB810100F072FDB1
:101D50008DE8070064107F1C002CEED1194F7F44E2
:101D6000AE3F19E0E80715D007EB04100DF1180A93
:101D700090E80E008AE80E00C068F04201D1981980
:101D800008903246012306A903A800F053FD03ABD7
:101D900083E807006D10641C002DE3D14FF00103B0
:101DA00032466946B8F1000F03A802D000F018FDD2
:101DB00001E000F03FFDC9E90001C9F808200AB0C0
:101DC000BDE8F0878892000010B50446AFF30080AC
:101DD0002046BDE81040FEF746BA00002DE9FF4F4F
:101DE0001F464FF03C0987B04FF00042DDE9141068
:101DF00001F10108DDF858A002EA405003900020EC
:101E000005908346054604460490B969461E089825
:101E10008847AAF1010A0290BAF1000F3BDD02984F
:101E20002E2815D01021FFF7D3FC00282EDB4FF011
:101E3000010B0599014317D0B9F1000F0BDB4A469E
:101E4000C11700F0FBF905430C43A9F1040905E0B3
:101E5000012004900BE008B145F001050120059038
:101E6000049820B9361D02E0049800B1361FB96904
:101E7000089808F101088847BBF1000FAAF1010A90
:101E80000290C9D00999C1F80080C5E7029870286E
:101E900008D0502806D0F96908988847BBF1000F90
:101EA00014D04FE0002002900120BBF1000F0490FD
:101EB00009D0B969089808F101088847AAF1010911
:101EC000B9F1000F07DCF969089888476FF0010045
:101ED0000BB0BDE8F08F2B2804D02D280CD14FF08B
:101EE000FF300490B969089808F101088847A9F102
:101EF0000109B9F1000FE6DD411CE4D00A21FFF72A
:101F000067FC0028DFDB029908F1010801EB810181
:101F100000EB41000290B969089888470A21FFF751
:101F200057FC099AA9F10109B9F1000FC2F8008024
:101F300001DD0028E7DAF9690898884704990298D2
:101F400000FB016655EA040004D004F0404109009A
:101F500002D006E0039898E0A40044EA9574AD002E
:101F6000B61E04F00041080002D16D196441761ECE
:101F7000159810F0240F03D04FF00B095C4803E0D4
:101F80004FF028096FF07D008246564507DAAAEB2C
:101F900006018944B9F1410F01DD4FF041090120EB
:101FA0000021A9F1010200F049F9024628400B4640
:101FB0002140084301D0012100E00021501E029180
:101FC00043F1FF3128402140084301D0012000E0C7
:101FD00000200299834651EA0B014FD000210846A8
:101FE0004FF00000039900F4400039B100EB80008D
:101FF0004FF4400100EBD07001EA60008015012829
:1020000002DD4FF0FF3000E013D0401C36D00298C4
:1020100060B3BBF1000F0CD14A460120002100F053
:102020000DF928402140084301D0012000E00020A4
:10203000E0B101204A46002100F000F903464019B2
:102040000A4661412D1A8C4111D3B9F1400F09DDC7
:10205000159810F0240F02D0AAF1340603E0AAF17B
:10206000170600E0761C00254FF0004406E05B1EDA
:1020700042F1FF3220EA030521EA0204CAF101001D
:10208000B04206DA1B4903980843019000200090F3
:102090000EE0039AC4F3D321E80A0A43164940EA42
:1020A00044500A433146CDE90002684604F060FE20
:1020B000159810F0240F0BD01598C00715D138686B
:1020C000DDE90012031D3B600068C0E900120CE06E
:1020D00002A8694604F0E6FD1598C00705D13868E6
:1020E000029A011D3960006802604046F0E6000077
:1020F00002FCFFFF0000F07F0000F03F2DE9FF4FE2
:1021000092461D4685B04FF00041DDE9124BDDE9F6
:1021100014727F1E01EA4B50414940F0FF4940EAEA
:102120000108002122F020004928049102D04E2805
:1021300028D04CE03BA0012607C88DE80700A9691C
:102140000698641C88477F1E014606D41DF80600C9
:1021500018B121F0200181420BD0E9690698884727
:10216000032E34D0082E32D06FF0010009B0BDE844
:10217000F08F761C032E01D0082EE0D1601CCAF827
:102180000000DCE7A9690698641C88477F1E2AD4F2
:1021900020F02000412826D1A9690698641C8847B0
:1021A0007F1E20D420F020004E281CD1A96906985B
:1021B000641C88477F1E48F4002849F48009CAF847
:1021C000004001D4282806D0E969069888475FEACC
:1021D000CB7012D022E0A9690698641C88477F1E44
:1021E00001D4002803DAE96906988847BCE7292862
:1021F000F1D1641CCAF80040E9E71BF0240F07D0B6
:1022000028680499031D2B600068C0E9001805E0E8
:102210002868021D2A600068C0F800902046A5E7E3
:102220000000F07F494E46494E49545900000000D5
:1022300001491820ABBEFEE726000200B2F12003E0
:102240000AD5C2F1200301FA02F120FA03F300FAE1
:1022500002F041EA0301704700FA03F14FF0000079
:10226000704770475FEA400C08BF91F0000F4FEADB
:102270008C234FEAC12243EA51514FEA1C5018BF48
:1022800000F5F0404FEA300018BF41F000415FEA2E
:102290006C5C00F02980BCF1FF3F08BF40F080403B
:1022A0007047130C06BF12044FF0100C4FF0000CD7
:1022B000130E04BF12020CF1080C130F04BF12011D
:1022C0000CF1040C930F04BF92000CF1020CD30F1D
:1022D00004BF52000CF1010C11464FF00002A0F1B6
:1022E0001F00A0EB0C00704711F0004F08BF7047B3
:1022F00031F000413FF4D5AF0B0C06BF09044FF09D
:10230000100C4FF0000C0B0E04BF09020CF1080C6E
:102310000B0F04BF09010CF1040C8B0F04BF8900E3
:102320000CF1020CCB0F04BF49000CF1010CCCF1F5
:102330002003A0EB0C0022FA03F302FA0CF241EAAC
:10234000030100F10100704720F07F4C80EA030098
:1023500023F07F47ACEB070303F57C5300F000400C
:1023600003F1FF032DE980494FEA154B09B44FEA09
:10237000144325EA0B4E24EA03480FF2042606EB29
:10238000132749083E785FEA320203FB0667C7F568
:10239000000707FB06F64FEA54374FEAD64606F128
:1023A000020607FB066CCCF1005C4FEA1C472CEAE6
:1023B000074C07FB06F40CFB06F504EB15464FEA49
:1023C000961634BF00204FF000404FEAD13706FB8D
:1023D00007FC4FEA1C4C0CFB0BF7D21B03FB0CF762
:1023E00061EB07010CFB0EF7B0EB074072EB1742F5
:1023F0000CFB08F734BFA2EB0742B2EB074261EBDC
:1024000017414FEA0C444FEA910706FB07FC4FEADD
:102410001C4C0CFB0BF7B0EBC74072EB573203FBC5
:102420000CF734BFA2EBC742B2EBC74261EB5731A6
:102430000CFB0EF7B0EBC70072EB57720CFB08F702
:1024400034BFA2EBC702B2EBC70261EB5771039F27
:102450004FEA816141EA921104EBCC044FEAD13793
:102460004FEA826206FB07FC42EA90124FEA806064
:102470004FEA1C4C0CFB0BF7D21B03FB0CF761EB78
:1024800007010CFB0EF7B0EB074072EB17420CFB99
:1024900008F734BFA2EB0742B2EB074261EB1741EA
:1024A0004FEA8C554FEA910704EB9C2406FB07FC8E
:1024B0004FEA1C4C0CFB0BF7B0EBC74072EB5732EA
:1024C00003FB0CF734BFA2EBC742B2EBC74261EB90
:1024D00057310CFB0EF7B0EBC70072EB57720CFBD9
:1024E00008F734BFA2EBC702B2EBC70261EB57712A
:1024F00015EB4C254FEA816141EA92114FEA826265
:102500004FEAD13742EA901206FB07FC44F100047F
:102510004FEA80604FEA1C4C0CFB0BF7D21B03FB0D
:102520000CF761EB07010CFB0EF7B0EB074072EB09
:1025300017420CFB08F734BFA2EB0742B2EB07428D
:1025400061EB174115EB1C154FEA813141EA9241CD
:102550004FEA823242EA90424FEA80304FEA0C76EC
:1025600044F1000448EA03434EEA0B484FF0000EE2
:10257000B2EB080C71EB030724BF624639464EEB01
:102580000E0E4FF0000B0018524149414BEB0B0B64
:10259000B2EB080C71EB03077BF1000B24BF624622
:1025A00039464EEB0E0E4FF0000B001852414941D8
:1025B0004BEB0B0BB2EB080C71EB03077BF1000B41
:1025C00024BF624639464EEB0E0E51EA020718BF91
:1025D00046F0010616EB0E7655F1000254F10001AB
:1025E00003D5BDE88901BDE80088BDE88901BDE8E3
:1025F0000048B619524141EB0101A3F101037047B4
:1026000080807F7E7D7C7B7A79787776767574732F
:10261000727171706F6E6E6D6C6C6B6A6A696868EE
:10262000676666656464636362616160605F5F5E84
:102630005E5D5D5C5C5B5B5A5A59595858575756FA
:10264000565555555454535352525251515050505F
:102650004F4F4F4E4E4D4D4D4C4C4C4B4B4B4A4AB1
:102660004A494949484848474747474646464545F5
:10267000454444444443434343424242424141412E
:1026800046EA0646A3F570534FEA164646EA425616
:102690004FEAD22242EA415210B54FEAD121A3F1CA
:1026A000010300F02FF820F0004000F1020C00F0D0
:1026B000004701EB00501146BCF5006F40EA0700EF
:1026C00000D210BDBAF1000F0AD01CB503B44FF010
:1026D00004004FF004014FF000000FBCBDE81040B3
:1026E0004FF00001BBF1010FB9BF04484FF0FF31BB
:1026F0000348002140EA070010BD00BFFFFFEF7F45
:102700000000F07F002B9C4630D477002BD01CB506
:102710004FEA370703B44FF010004FF01001BAF141
:10272000000F06D0BCF1000FDCBF40F0080040F005
:1027300008014FF000000FBCBDE810400BF1010B89
:10274000BBF1010F08BF5FEA170722BF12F10102B8
:1027500011F101014FF0004143F1000300F000408E
:1027600043EA00007047F9D35708D0E746EA064627
:1027700013F1400F4FEA16461FDD13F1200FDFBFA4
:1027800016430A46002120335B42BED0C3F1200726
:1027900046EA064602FA07F74FEA164646EA0706F1
:1027A000C3F1200722FA03F201FA07F721FA03F135
:1027B0004FF0000342EA0702A7E746EA020646EAAC
:1027C00006464FEA164646EA0106BCBF46EA0646FA
:1027D000360C4FF000034FF000024FF0000194E779
:1027E0002DE9804C9A46934670B491E8380007C8AA
:1027F00031EA400C48BF34EA430C03D5FFF7A4FD8F
:10280000FFF780FFF0BCBDE8008C2DE9804C9A46B4
:10281000934670B491E8380007C831EA400C48BFCD
:1028200034EA430C03D5FFF78FFDFFF729FFF0BC17
:10283000BDE8008C2DE9804C9A46934670B491E82F
:10284000380007C810F0804F08BF13F0804F03D145
:1028500000F01AF8FFF756FFF0BCBDE8008C2DE938
:10286000804C9A46934670B491E8380007C810F03F
:10287000804F08BF13F0804F03D100F005F8FFF739
:10288000FFFEF0BCBDE8008C20F07F4780EA03002B
:1028900023F07F4C07EB0C03A3F57C5300F00040C2
:1028A000A3F1FE0392F0000F00F0B38095F0000F4B
:1028B00000F077802DE901494FEA11404FEA1446B4
:1028C00021EA004800FB06FC24EA064708FB06F65E
:1028D00007FB08F800FB07F718EB06484CEB164C13
:1028E0004FEA124B18EB07484FEA15464CEB1740DE
:1028F00022EA0B4E0BFB06FC25EA06470EFB06F60A
:1029000007FB0EFE0BFB07F71EEB064E4CEB164CBF
:102910004FF000061EEB074E4CEB174B18EB0B0865
:1029200040F1000018EB0E0B58EB000840F10000DE
:102930008F1A4FF000013CBFC943661B14BFB5EBB3
:10294000040C00213CBFC943F61B4FEA17444EEA72
:102950008E0E27EA04454FEA1C4704FB07622CEA67
:10296000074C05FB07F70CFB05F604FB0CFC16EB0C
:10297000074642EB174216EB0C4642EB1C421BEBA0
:10298000060658EB0202414146EA9E0601D5BDE823
:102990000189B619524141EB0101A3F10103BDE8E0
:1029A00001894FEA14454FEA114724EA054621EA16
:1029B000074C05FB07F406FB07F70CFB06F105FBCC
:1029C0000CFC11EB074144EB17444FEA124711EBA3
:1029D0000C4144EB1C4422EA074C05FB07F206FBC2
:1029E00007F70CFB06F605FB0CFC16EB074642EB63
:1029F000174216EB0C4642EB1C456A1854F10001D5
:102A000048BF7047B619524141EB0101A3F10103E0
:102A1000704795F0000F37D04FEA11424FEA144744
:102A200021EA024624EA074C02FB07F106FB07F7FE
:102A30000CFB06F402FB0CFC14EB074441EB1741C2
:102A40004FEA154714EB0C4441EB1C4125EA074CB7
:102A500002FB07F506FB07F70CFB06F602FB0CFC76
:102A600016EB074645EB174516EB0C4645EB1C42AB
:102A7000121951F1000148BF7047B619524141EB9C
:102A80000101A3F1010370474FEA14454FEA1147D2
:102A900024EA054621EA074C05FB07F106FB07F788
:102AA0000CFB06F24FF0000605FB0CFC12EB074294
:102AB00041EB174112EB0C4251EB1C4148BF7047F0
:102AC000921841EB0101A3F1010370470EB504F028
:102AD000FBFB5949DFF8649107468846A9F1020AD1
:102AE0004FF07E5006F060FFDFF854B102900A37D5
:102AF000384604F0D2FB514BCDE900A91B1F9A1EAA
:102B0000911E881E02F08CF94C4C0C3C60890E38EA
:102B10006081B4F9060006F0DBFA05460E46B4F90A
:102B2000020006F0D5FA2A46334604F043FA454A35
:102B3000454B06F039F90022444B06F01DFB06F028
:102B400045F8A061B4F90A0006F0C2FA6FF00E026F
:102B500006F0D8FF00223E4B06F00EFB3D4A3E4BEE
:102B600006F00AFB06460D46206B06F02FFD3246A6
:102B70002B4606F05DF806F029F8E0610298E1695D
:102B800006F014FEA1690546404606F00FFE2946F0
:102B900006F048FD2063216B594503DA206B2F496D
:102BA000884201D300202080208878B3206B234DF9
:102BB00048356860284603F017F9E86880F000405F
:102BC00006F0A4FD6082B4F91400618A00EBD070B5
:102BD00001EB6000E081B4F9140000EBD071608A71
:102BE000A0EB61002082B4F90E00642801DD6420AE
:102BF00005E0B4F90E106FF06300814200DAE08165
:102C0000B4F91000642802DD642006E00FE0B4F996
:102C100010106FF06300814200DA2082E08940B238
:102C200002F052FB208A40B202F078FB5FE70020FE
:102C300002F04AFB0020F7E70AD7233CC00000203F
:102C40000000484244174154FB210940008066C0FF
:102C500000409F407B14AE47E17A843F000048C2A9
:102C6000FEE70000014800F0BFB80000483900202E
:102C7000014800F0B9B800008C39002030B590F858
:102C800040500124AC40C56B6C60046863604368CD
:102C9000102B036803D099600068C26030BD9A6051
:102CA0000068C16030BD70470021012803D00228B0
:102CB00007D00020704706480268506A516200B28F
:102CC000704704480268506A5162404200B270473F
:102CD00070380020B838002010B53C21074801F0BA
:102CE000C7F93C21064801F0C3F9044900200968EE
:102CF000486203490968486210BD0000703800202E
:102D0000B838002072B6FEE710B590F82110002206
:102D1000022905D00421816380F82020012010BD04
:102D200001680B6823F00E030B6001680B6823F049
:102D300001030B6090F84030C46B012101FA03F3EA
:102D4000636080F8211080F82020104610BD00003C
:102D500010B590F821100024022903D004218163CA
:102D600001243DE001680A6822F00E020A60016851
:102D70000A6822F001020A601A4A0168914201D1F0
:102D8000012121E0174A1432914201D110211BE0A8
:102D9000144A2832914201D1891515E0114A3C327A
:102DA000914201D189140FE00E4A5032914202D172
:102DB0004FF4803108E00B4A6432914202D14FF463
:102DC000801101E04FF08071064A083A51600121FC
:102DD00080F82110002180F82010416B01B1884754
:102DE000204610BD080002402DE9F05FC16B0C6861
:102DF00001680B68D0F840C0042202FA0CF2494D79
:102E0000DFF824A1494E4A4FDFF828B1DFF828E166
:102E100022422CD05A072AD50A68920603D40A689F
:102E200022F004020A600168A94201D1042219E0DB
:102E3000514501D1402215E0B14202D14FF48062E8
:102E400010E0B94202D14FF480420BE0594502D163
:102E50004FF4802206E0714502D14FF4800201E078
:102E60004FF080622F4908394A60C16A3BE04FF059
:102E7000020808FA0CF818EA040F4FF000094FF0A6
:102E8000010235D05FEA837832D50B689B0605D402
:102E90000B6823F00A030B6080F821200168A94227
:102EA00001D1022219E0514501D1202215E0B142A1
:102EB00002D14FF4007210E0B94202D14FF4005237
:102EC0000BE0594502D14FF4003206E0714502D1C2
:102ED0004FF4001201E04FF00072124908394A60C5
:102EE00080F82090816A00291AD0BDE8F05F084779
:102EF000082505FA0CF5254212D01B0710D50B68E2
:102F000023F00E030B6090F84010C36B02FA01F13E
:102F10005960826380F8212080F82090016BE2E7FD
:102F2000BDE8F09F080002401C0002403000024053
:102F300044000240580002406C00024030B528B303
:102F400008C8134914221944B1FBF2F18900C16386
:102F500010498163022141771A6843F6F0718A4370
:102F6000D0E900142143D0E902452C4321430469F0
:102F7000214344692143846921431143196000219D
:102F80004163012242770177084630BD012030BD00
:102F9000F8FFFDBF0000024070B5044690F8200025
:102FA000002501280CD0012084F8200094F821602D
:102FB0000020012E06D084F820000225284670BD8E
:102FC000022070BD022684F82160A0632068066894
:102FD00026F0010606602046FFF750FEE06A002852
:102FE0002068016802D041F00E0106E021F00401E2
:102FF00001602068016841F00A01016020680168F1
:1030000041F001010160D9E72DE9F84FDFF8B891EF
:103010000024A9F1040B23460F2709F1040AABF1A0
:10302000040EC9E00125A5402A40AA427DD1674E81
:10303000D1F804C0ACEB0608B44532D014DCBCF1C6
:10304000030F3AD009DCBCF1000F2AD0BCF1010F0C
:103050001CD0BCF1020F31D11DE0BCF1110F17D013
:10306000BCF1120F2AD119E0B8F5881F19D006DC7F
:10307000B8F5803F15D0B8F5801F1FD111E0B8F525
:10308000001F0ED0B8F5041F18D10AE0CB6815E078
:10309000CB681B1D12E0CB6808330FE0CB680C3304
:1030A0000CE08B682BB1012B4FF0080303D0456176
:1030B00004E0042302E0056100E00023FF2A01D8B8
:1030C000064601E000F104064FEA840501D9A5F1A6
:1030D0002005D6F8008007FA05FC28EA0C0803FA58
:1030E00005F548EA0508C6F800804D68ED0062D590
:1030F000374DAE6946F00106AE61AD6924F00306B6
:1031000005F001050095334D06EB050CDCF8085081
:10311000A607360F07FA06F825EA0805DFF8B88093
:10312000404503D14FF0000817E044E0DFF8AC80E1
:10313000404502D14FF001080FE0DFF8A480404580
:1031400002D14FF0020808E0DFF89880404502D134
:103150004FF0030801E04FF0040808FA06F848EAC7
:103160000508CCF808804D68D9F80060ED024D469E
:1031700001D5164300E096432E604D68DAF80060F2
:10318000AD02554601D5164300E096432E604D68CA
:10319000DBF80060AD035D4601D5164300E09643C1
:1031A0002E604D68DEF80060ED03754601D51643CC
:1031B00000E096432E60641C0D682A46E5407FF4CB
:1031C00031AFBDE8F88F0000080401400000111085
:1031D000001002400000014000080140000C0140C6
:1031E00000100140001401408068084000D0012018
:1031F00070470AB1016170470904FBE70148806824
:10320000704700000000002070B5040025D094F83D
:103210003D00002520B984F83C50204600F07EFA9D
:10322000242084F83D002068016821F0010101603C
:103230002068016841F4004101602068016821F4C0
:103240000041016000F014FC4D4A6168914201D8D0
:103250004C4900E04C49884201D2012070BD4B49E5
:103260002368B0FBF1F15E6826F03F060E435E6016
:103270006368934206D94FF4967359434FF47A73B7
:10328000B1FBF3F12368491C1E6A26F03F06314367
:1032900019626168914210D84900401EB0FBF1F2FA
:1032A000521CC2F30B02042A01D2042022E0B0FB1C
:1032B000F1F0401CC0F30B001CE0A268F2B301EB7C
:1032C000C10303EB0116431EB3FBF6F35B1C43F48F
:1032D00080431B0549D092B301EBC10202EB0111FF
:1032E000401EB0FBF1F0401CC0F30B0040F48040E6
:1032F00040F400402168CA694CF6FF739A431043BA
:10330000C861D4E9071001432068026822F0C002B6
:1033100011430160D4E9030101432068826848F247
:10332000FF339A4311438160D4E9050108432168C2
:10333000CA6822F0FF021043C86001E00EE016E008
:103340002068016841F0010101602564202084F8B3
:103350003D00256384F83E50002070BD01EB41061E
:10336000431EB3FBF6F35B1CB3E70120C2E701EB9E
:103370004101401EB0FBF1F0401CC0F30B00B7E769
:10338000A086010080841E0000093D0040420F001D
:103390002DE9FF4F83B00025DDE910799A46934669
:1033A0000446DDF848800095FFF728FF064694F8AC
:1033B0003D0020287CD1192301228849204600960F
:1033C00001F0AEFB0028F5D194F83C0001286FD045
:1033D000012084F83C0020680168C90703D1016816
:1033E00041F0010101602068016821F40061016081
:1033F000222084F83D00402084F83E002564676266
:10340000A4F82A90608D20857548E062CDE9008699
:1034100053465A462046049901F084FA00287CD18C
:10342000208DDFF8C091202768B1012814D0022830
:10343000206801681ED041F4806101602068416904
:1034400080690090BCE02068416981690091016851
:1034500041F400710160B3E02068016821F48061EB
:10346000016072B62068416981690091016841F488
:1034700000710AE041F40061016072B620684169A0
:1034800081690091016821F48061016062B697E072
:10349000032865D801280CD0022843464FF00002CB
:1034A0004946204600960BD001F03AFBA8BB0CE041
:1034B00091E032464146204601F0D8FB68BB72E0FD
:1034C00001F02EFB48BB72B633E02068016821F49E
:1034D0008061016072B620680069616A0870606A84
:1034E000401C6062208D401E2085608D401E6085DE
:1034F0003D4846F2A8110068B0FBF1F0C0EBC000F7
:1035000000EB80000090401E009007D020684069CA
:10351000C04340070DD50098F5E727E044F8305F39
:103520006773A573206940F02000206162B625739F
:103530001CE02068016841F40071016020680069A6
:10354000616A0870606A401C6062218D491E218595
:10355000618D491E618562B621680969017026E0A6
:1035600032464146204601F081FB18B1012007B0E8
:10357000BDE8F08F20680069616A0870606A401CCD
:103580006062208D401E81B22185608D401E608565
:1035900020684269D243520712D4032903D101683B
:1035A00021F48061016020680069616A0870606AC6
:1035B000401C6062208D401E2085608D401E60850D
:1035C000208D00287FF464AF84F83D7084F83E506D
:1035D00084F83C50CBE70220C9E70000020010004D
:1035E0000000FFFF040001000C0000202DE9FF4F48
:1035F00083B09A46DDE9119793460446DDF8408092
:10360000FFF7FCFD054694F83D0020287FD11923E3
:10361000012240492046009501F082FA002876D127
:1036200094F83C00012872D0012084F83C00206806
:103630000168C90703D1016841F0010101602068F8
:10364000016821F400610160212084F83D004020E0
:1036500084F83E0000262664C4F82480A4F82A904A
:10366000608D20852C48E062CDE9007553465A46AE
:103670002046049901F0D4F970B930E02A46394661
:10368000204601F02BFB58B1206C042804D120689F
:10369000016841F400710160012007B0BDE8F08FBE
:1036A000606A216800780861606A401C6062218D50
:1036B000491E89B22185628D521E62852268536936
:1036C000DB435B070BD469B100781061606A401C72
:1036D0006062208D401E2085608D401E6085208D9B
:1036E0000028CBD12A463946204601F0EDF90028C2
:1036F000CAD154F83D0B016841F4007101602020EB
:1037000004F81E09E67766770020C6E7FFE7022087
:10371000C3E70000020010000000FFFF10B586B0F4
:1037200000210091019102910391006810498842A3
:103730001BD1104CA06940F00800A061A069694647
:1037400000F0080004904FF44060009012200190B7
:10375000032003900848FFF757FCE06940F480001D
:10376000E061E06900F48000049006B010BD000044
:103770000058004000100240000C014002488168DF
:10378000027811448160704700000020074810B59E
:10379000016841F010010160032000F0A1F80F2042
:1037A00000F006F800F04AF8002010BD00200240AA
:1037B00030B505461C4887B0816941F400618161DC
:1037C000806906A900F40060009001A800F030F9BB
:1037D00000F05EF91549164AB0FBF1F11548491E93
:1037E0000260416040F2E7320021C0E903218160BC
:1037F000816100F049FB040012D10E4800F072FB19
:1038000004000DD1192000F03DF8102D07D2002240
:103810002946192000F044F80748056000E001241B
:1038200007B0204630BD00000010024040420F00AB
:10383000002C0140D0390020040000200F4808B5BA
:10384000816941F001018161816901F0010100910B
:10385000C16941F08051C161C069002200F080500F
:1038600000900F21901E00F01BF80548416821F0E0
:10387000E06141F00071416008BD000000100240AD
:1038800000000140002809DB00F01F0201219140E7
:103890004009800000F1E020C0F8001170470000EE
:1038A000F0B40E4B1B680C46C3F30223C3F10705AB
:1038B000042D00D90425191D072901D2002300E099
:1038C000DB1E012606FA05F1491E214099409E4063
:1038D000761E16403143F0BC03F06BB90CED00E0EE
:1038E000064900F0070208684FF6FF03184040EA57
:1038F0000220034A10430860704700000CED00E00E
:103900000000FA052DE9F0470F46050061D0434E4F
:10391000306800F00700B84209D2306820F0070094
:1039200038433060306800F00700B84251D1286851
:103930003B4C810712D5400703D5606840F4E06036
:1039400060602878000703D5606840F460506060CC
:103950006068A96820F0F000084360602878C0071C
:1039600028D06868012810D02168022810D0890763
:1039700000292EDA616821F0030101436160FFF73D
:103980003DFC804641F288390DE021688903EFE76C
:103990008901EDE7FFF732FCA0EB0801494502D9A8
:1039A0000320BDE8F0876068696800F00C00B0EBA8
:1039B000810FEFD1306800F00700B8420BD93068B2
:1039C00020F0070038433060306800F00700B8424C
:1039D00001D00120E5E72878400705D56068E9684F
:1039E00020F4E060084360602878000706D560682E
:1039F000296920F4605040EAC100606000F058F886
:103A00006168084AC1F30311515CC8400649086067
:103A100006480068FFF7CCFE0020C2E70020024005
:103A200000100240FA9B00080C0000200400002057
:103A30000F2202600C4A536803F00303436053688B
:103A400003F0F0038360536803F4E063C3605268DB
:103A50004FF4E06303EAD20202610448006800F018
:103A6000070008607047000000100240002002407C
:103A70000448054900684968044AC1F30221515CC1
:103A8000C84070470C000020001002400A9C00084B
:103A90000448054900684968044AC1F3C221515CE1
:103AA000C84070470C000020001002400A9C00082B
:103AB0000E4A51680E4801F00C03042B11D0082B5C
:103AC0000FD10C48C1F38343C903C05C0AD55168C8
:103AD000084AC1F34041921E515C054A5043B0FB75
:103AE000F1F070470449484370470000001002405D
:103AF00000127A00EA9B000800093D002DE9F84F0A
:103B0000040070D02078C04DC00749D06868C0F369
:103B10008100012807D06868C0F38100022809D11C
:103B20006868C00306D52868800339D56068002816
:103B3000E7D035E06068B0F5803F0BD010B1B0F54C
:103B4000A02F11D0286820F480302860286820F445
:103B5000802002E0286840F480302860606890B1DE
:103B6000FFF74CFB06460AE0286840F480202860F6
:103B7000F0E700BFFFF742FB801B642873D828687A
:103B80008003F7D50CE0FFF739FB064605E000BFE0
:103B9000FFF734FB801B6428F0D828688003F7D433
:103BA00020789A4E80074FF001094FF0000839D570
:103BB000686810F00C0F07D06868C0F38100022815
:103BC00009D16868C00306D42868800714D5206925
:103BD000012808D110E02069B0B1C6F80090FFF7C5
:103BE0000DFB074605E00AE1FFF708FBC01B0228B2
:103BF000C4D828688007F7D52868616920F0F800E4
:103C000040EAC10028600DE0C6F80080FFF7F6FA30
:103C1000074604E0FFF7F2FAC01B022823D8286801
:103C20008007F7D4207800072CD57948A169D9B14D
:103C3000C0F80090FFF7E2FA074604E0FFF7DEFA6B
:103C4000C01B02280FD8686A8007F7D571484FF467
:103C5000FA510068B0FBF1F0009000BF0098411EDF
:103C60000091FAD20EE080E0C0F80080FFF7C6FABB
:103C7000074604E0FFF7C2FAC01B022875D8686A3D
:103C80008007F7D42078400760D5E8690027C00096
:103C900008D4E86940F08050E861E869012700F045
:103CA000805000905C480168C90513D401688346C0
:103CB00041F480710160FFF7A1FA824606E000BF7F
:103CC000FFF79CFAA0EB0A0064284ED8DBF800004E
:103CD000C005F5D5E06801280AD008B1052813D041
:103CE000286A20F001002862286A20F0040002E01F
:103CF000286A40F001002862E06841F2883B98B1F0
:103D0000FFF77CFA82460BE0286A40F00400286244
:103D1000EEE700BFFFF772FAA0EB0A0159455AD847
:103D2000286A8007F6D50CE0FFF768FA824605E0BE
:103D3000FFF764FAA0EB0A0159454CD8286A8007BE
:103D4000F6D41FB1E86920F08050E861E06988B3DB
:103D50006968C1F38101022944D00228C6F8608055
:103D600004D0FFF74BFA044638E034E0FFF746FA98
:103D7000074604E0FFF742FAC01B02282BD8286848
:103D80008001F7D4206AB0F5803F05D16868A1684A
:103D900020F4003008436860D4E9080108436968EA
:103DA00021F4741108436860C6F86090FFF726FAA2
:103DB000044606E025E000BFFFF720FA001B0228BA
:103DC00009D828688001F7D51BE000BFFFF716FA75
:103DD000001B022802D90320BDE8F88F2868800163
:103DE000F4D40EE00128F7D06868226A00F480312C
:103DF000914204D1616A00F47010884201D0012020
:103E0000EAE70020E8E7000000100240000042421C
:103E1000800442420C000020007000407047704750
:103E200070B590F83C20012A26D0012480F83C404F
:103E3000022280F83D2003685A689D6822F07006CF
:103E40000A6832435A600D4B02689A4208D0B2F1B8
:103E5000804F05D00A4B9A4202D00A4B9A4204D1B5
:103E6000496825F080031943916080F83D400021A6
:103E700080F83C10084670BD022070BD002C014047
:103E8000000400400008004010B5040003D094F87E
:103E90003D0010B107E0012010BD002084F83C0077
:103EA000204600F01EF8022084F83D00211D206805
:103EB00002F070FB012084F8460084F83E0084F88C
:103EC0003F0084F8400084F8410084F8420084F800
:103ED000430084F8440084F8450084F83D00002045
:103EE00010BD704790F83D10012901D001207047A6
:103EF000022180F83D100168CA6842F00102CA60E0
:103F000000680B49884208D0B0F1804F05D00949BC
:103F1000884202D00849884204D1816801F0070133
:103F2000062903D0016841F00101016000207047BB
:103F3000002C014000040040000800402DE9F04141
:103F40000D46040003D094F83D0018B108E00120AC
:103F5000BDE8F081002084F83C00204600F040F8E5
:103F6000022084F83D002068816844F207029143F2
:103F70008160211D206802F00DFB22689068916924
:103F8000166A2B68AF69034340F20330814341EA6C
:103F90000721A868EF6908434FF6FC418843E968A8
:103FA00040EA0720014328692F6A000140EA0730F0
:103FB000084369686D6926F0220646EA051529431B
:103FC00093602268906154F8460B0162012004F866
:103FD0001F09E0752076E0762077A0750020B7E70E
:103FE00000B585B0002100910191029103911B4B16
:103FF00002681B48C0219A4215D1C26942F00202F0
:10400000C261C26902F002020492826942F00402B3
:1040100082618069009100F0040004900120029008
:104020006946104815E0104B9A4214D1C26942F01B
:104030000402C261C26902F004020492826942F081
:10404000080282618069009100F0080004906946CE
:104050000648FEF7D9FF05B000BD0000000400408F
:10406000001002400008014000080040000C014020
:1040700070B590F83E60044690F83F5090F842309A
:1040800090F84320022021B104290ED0012E1BD12B
:1040900014E0012E18D1012B16D184F83E0084F8CB
:1040A000420001220021206820E0012D0CD1012ACC
:1040B0000AD184F83F0084F8430014E0012D03D1B5
:1040C000012B01D1012A01D0012070BD84F83E00EE
:1040D00084F83F0084F8420084F843000122002164
:1040E000206802F093FA01220421206802F08EFA7F
:1040F0002068016841F001010160002070BD704737
:104100002DE9F04104460068C66805694FF00007D4
:10411000A90713D5B10711D5F91E01610120207738
:10412000206880698007204602D0FFF7E8FF04E09E
:1041300000F0A2F8204600F045F92777680716D569
:10414000700714D521686FF0040008610220207701
:104150002068806910F4407F204602D0FFF7CFFF2F
:1041600004E000F089F8204600F02CF927772807B2
:1041700015D5300713D521686FF0080008610420B9
:1041800020772068C0698007204602D0FFF7B7FF7C
:1041900004E000F071F8204600F014F92777E806F3
:1041A00016D5F00614D521686FF0100008610820BC
:1041B00020772068C06910F4407F204602D0FFF7C6
:1041C0009EFF04E000F058F8204600F0FBF8277747
:1041D000E80708D0F00706D021686FF001000861F9
:1041E000204600F03FF9280608D5300606D521689C
:1041F0006FF0800008612046FFF710FE680608D5C2
:10420000700606D521686FF040000861204600F076
:1042100033F9A8060AD5B00608D521686FF020004A
:1042200008612046BDE8F041FFF7F9BDBDE8F08127
:1042300000B585B0002100910191029103910068C1
:10424000B0F1804F11D10A48816941F004018161C8
:104250008069694600F00400049003200090022069
:10426000019003900348FEF7CFFE05B000BD0000AB
:104270000010024000080140704770B5044690F8F5
:104280003C0000260D4601280FD0012084F83C0098
:104290006AB1042A1DD0082A2FD00C2A3FD001264B
:1042A000002084F83C00304670BD022070BD2068BC
:1042B00002F0BAF92068816941F008018161206843
:1042C000816921F004018161206881692A691143B3
:1042D00011E0206802F0D0F92068816941F40061A2
:1042E00081612068816921F4806181612068816930
:1042F0002A6941EA02218161D2E7206802F0E8F9E7
:104300002068C16941F00801C1612068C16921F0DC
:104310000401C1612068C1692A69114311E0206864
:1043200002F002FA2068C16941F40061C1612068AD
:10433000C16921F48061C1612068C1692A6941EACB
:104340000221C161ACE710B5040003D094F83D0030
:1043500010B107E0012010BD002084F83C00204689
:1043600000F01EF8022084F83D00211D206802F0B4
:1043700011F9012084F8460084F83E0084F83F00DB
:1043800084F8400084F8410084F8420084F8430037
:1043900084F8440084F8450084F83D00002010BDF6
:1043A00008B50068B0F1804F08D10548C16941F0F7
:1043B0000101C161C06900F00100009008BD00006A
:1043C000001002407047000010B50446022249B1B7
:1043D00004290ED0082913D094F84100012816D0E2
:1043E000012010BD94F83E000128F9D184F83E2048
:1043F0000FE094F83F000128F2D184F83F2008E054
:1044000094F840000128EBD184F8402001E084F8C2
:1044100041200122206802F0F9F80F492068884203
:1044200003D1426C42F4004242642068884208D0C2
:10443000B0F1804F05D00949884202D0084988422E
:1044400004D1816801F00701062903D0016841F019
:1044500001010160002010BD002C0140000400405B
:104460000008004000680349884201D1FFF786B97F
:1044700070470000002C01407047704700680349F6
:10448000884202D102490120087070470044004070
:1044900094000020F8B5016804460868CA684B69B2
:1044A00010F00F0F4FF0000559D003F0010602F491
:1044B0009077374365D0C10705D0D10503D5616C2E
:1044C00041F001016164410705D5D90703D0616C52
:1044D00041F002016164810705D5D90703D0616C01
:1044E00041F004016164010707D502F02001314366
:1044F00003D0616C41F008016164616C00293AD01D
:10450000800604D5900602D5204602F023FA2068E2
:104510004069616CC0F38010090700D460B3204685
:1045200002F0E3F920684069400621D52068143084
:1045300050E8001F21F0400140E80012002AF5D1A8
:10454000E06BA8B16D494163E06BFEF701FC002808
:1045500011D0E06B416B01B0BDE8F0400847830625
:104560000FD593060DD52046BDE8F84002F0F2B90C
:104570002046FFF783FFF8BD2046FFF77FFF656405
:10458000F8BD266B2023012E7CD1C6067AD5D6062F
:1045900078D508684868009048694FF002064006E0
:1045A00040D5E16B086840680004000CE8D0A28D9B
:1045B0008242E5D9E085886920282DD020680C301A
:1045C00050E8001F21F4807140E80012002AF5D164
:1045D0002068143050E8001F21F0010140E800126B
:1045E000002AF5D12068143050E8001F21F0400166
:1045F00040E80012002AF5D184F842302563206893
:104600000C3050E8001F21F0100140E80012002A91
:10461000F5D1E06BFEF778FB6663A08DE18D401A63
:1046200081B22AE0A08DE18D401A81B2E08D002890
:10463000A6D00029A4D022680C3252E8000F20F442
:10464000907042E80007002FF5D12068143050E840
:10465000002F22F0010240E80027002FF5D184F856
:104660004230256320680C3050E8002F22F0100201
:1046700040E80023002BF5D166632046FFF7FDFEDE
:10468000F8BDFFE705062BD5150629D594F841009E
:104690002128F5D1A068B0F5805F01D12069B0B1C3
:1046A000206A411C2162216800784860E08C401E2D
:1046B0000004000CE084E3D12068C16821F080018F
:1046C000C1602068C16841F04001C160D8E7206A3C
:1046D0000088C0F308004860206A801C2062E5E77B
:1046E0004006CDD55006CBD5CA68204622F0400200
:1046F000CA6084F8413000F0EFF8C1E7A167000814
:1047000070B5040004D094F84100002510B106E013
:10471000012070BD84F84050204600F023F824208A
:1047200084F841002068C16821F40051C16020462E
:1047300002F072F92068016921F49041016120685A
:10474000416921F02A0141612068C16841F40051AA
:10475000C1606564202084F8410084F842006563EC
:10476000002070BDF0B585B0002406460094019489
:104770000294039400682D49884254D12C48C169A1
:1047800041F40031C161C16901F4003104918169D2
:1047900041F0040181618069264D00F0040004901D
:1047A00004200090022001900320039069462846CF
:1047B000FEF72AFC0820CDE9000469462846029449
:1047C000FEF722FC1D4D1C488027C5E90004C5E901
:1047D000024720202C61C5E905402846EC61FEF720
:1047E000ADFB08B1FEF78EFAF5636E62134D124809
:1047F0004435143001C5102091C5104845F81049C2
:1048000044306C61AC61EC61FEF798FB08B1FEF7D7
:1048100079FAB5630022052126206E62FFF740F881
:104820002620FFF72FF805B0F0BD0000004400403F
:1048300000100240000801406C000240483900208E
:1048400090F84230202B01D00220704721B11AB1DC
:104850000023036302F03CB90120704770477047A2
:1048600070B5044690F84100202801D0022070BDA8
:1048700049B342B32162A284E28400206064212310
:1048800084F84130A56B114BAB62A56B104BEB620A
:10489000A56B104B2B63A36B5863256813462A1D29
:1048A000A06BFEF779FB21686FF04000086020687C
:1048B000143050E8001F41F0800140E80012002A47
:1048C000F5D1002070BD012070BD00009F68000878
:1048D000E1680008B167000800680349884202D116
:1048E0000249002088707047004400409400002076
:1048F0007047FEE701684A69D24352050FD46FF44E
:1049000080624A61002140F8301F20224273817387
:10491000026942F004020261017301207047002025
:10492000704700002DE9F84F0446006889460B9D4A
:1049300001689846174641F480610160206801686B
:1049400041F48071016000954FF0011B002259462F
:1049500020460A9B00F0E4F84FF4007A40B120684A
:104960000068C00501D5C4F840A00320BDE8F88F59
:10497000216809F0FE0008612B46284920460A9A62
:1049800000F016F9F0BB20684169806900902A4662
:1049900020460A9900F0A2F940B1206C04283AD1CF
:1049A0002068016841F40071016034E0FEB2B8F1A2
:1049B000010F09D02168380A08612A4620460A9961
:1049C00000F08CF90028E8D1206806612A462046CC
:1049D0000A9900F083F90028DFD12068016841F4CA
:1049E0008071016000950022594620460A9B00F024
:1049F00097F80028B3D1216809F0FF0040F00100CA
:104A0000086100E007E02B46044920460A9A00F0BE
:104A1000CFF80028AAD00120A8E70000020001007A
:104A20002DE9F843044600680D46DDE90897016862
:104A30009846164641F4807101604B4600224FF0C3
:104A400001112046009700F06BF848B1206800681B
:104A5000C00502D54FF4007020640320BDE8F88340
:104A6000216805F0FE0008613B464A46154920468C
:104A700000F09EF888B920684169806900903A4644
:104A80004946204600F02AF948B1206C042804D198
:104A90002068016841F4007101600120DEE7F5B291
:104AA000B8F1010F09D02168300A08613A46494639
:104AB000204600F013F90028E7D1206805610020A6
:104AC000CCE700000200010070B516460D46044612
:104AD0001EE02046FFF70EFF08B1012070BD681CE4
:104AE00016D0FEF78BFB801BA84200D885B9206842
:104AF0004069C04340070BD5002044F8300F202107
:104B00006173A073216941F0200121612073E4E702
:104B100020684069C0434007DBD4002070BD00001E
:104B20002DE9F047984617460D460446C1F307465F
:104B3000DDF820902AE000BFB8F1FF3F26D0FEF755
:104B40005DFBA0EB0901414502D8B8F1000F1DD172
:104B50002068012E16D0806925EA00000004000CB0
:104B600012D00020B84211D1002044F8300F20218B
:104B70006173A073216941F020012161207301203C
:104B8000BDE8F0874069E7E70120EBE72068012EE8
:104B90000AD0806925EA00000004000C06D000203D
:104BA000B842C9D00020EBE74069F3E70120F7E7FE
:104BB0002DE9F047984616460D4604464FF0000989
:104BC0004FF0200AC1F3074723E020684069C04343
:104BD000400515D42068016841F400710160216826
:104BE0006FF480604861C4F8309084F83DA084F888
:104BF0003E90216C41F00401216484F83C9021E056
:104C0000701C06D0FEF7FAFAA0EB0800B04203D8F9
:104C100016B1012F1FD021E02068012F15D0806927
:104C200025EA00000004000C18D000BF44F8309FB3
:104C300084F80DA084F80E90216941F020012161D3
:104C400084F80C900120BDE8F087406925EA000057
:104C50000004000CEAD12068406901E02068806906
:104C600025EA00000004000CAFD1ECE72DE9F0418B
:104C7000002590460E460446202728E04069C043A0
:104C8000C0060CD454F8301B6FF01000486144F893
:104C900010596777A577206A2062257714E0FEF720
:104CA000ADFAA0EB0800B04200D886B92068406990
:104CB000C04340060BD544F8305F6773A573206985
:104CC00040F02000206125730120BDE8F0812068BC
:104CD0004169C9434906D1D40020F6E770B51646AC
:104CE0000D4604461EE02046FFF704FE08B10120F1
:104CF00070BD681C16D0FEF781FA801BA84200D850
:104D000085B920684069C04300060BD5002044F8EF
:104D1000300F20216173A073216941F020012161CE
:104D20002073E4E720684069C0430006DBD400201C
:104D300070BD000002F0C8FADFF854900026154C50
:104D400005464FF4005801276D1C284602F0A5FACD
:104D5000208841460028484602D002F09BFA01E034
:104D600002F095FA00F03EF80128EDD1208808B154
:104D70002680E9E70748543001F02DF805489030C7
:104D800001F029F80348CC3001F025F82780DBE753
:104D900000100140B400002010B5104C0221204644
:104DA000FEF722FA88B101212046FEF71DFA70B104
:104DB0000B4C20212046FEF717FA50B11021204657
:104DC000FEF712FA38B1002010BD012010BD0220FC
:104DD00010BD032010BD042010BD0000000C0140D8
:104DE0000008014010B50D4C60782070A07860700C
:104DF000FFF7D2FFA070227861788A4208D1814201
:104E000006D1611E10B10A7822B101E000200870BD
:104E1000002010BD01220A7010BD0000910000208A
:104E20002DE9FF471546DDE90C890E4607461C466D
:104E30000E2269463B2000F037F8BDF8000040BA6A
:104E40003880BDF8020040BA3080BDF8040040BA96
:104E50002880BDF8080040BA2080BDF80A0040BA9A
:104E6000A8F80000BDF80C0040BAA9F80000BDE8A1
:104E7000FF8710B501216B2000F024F800216C2081
:104E800000F020F80721192000F01CF800211A205A
:104E900000F018F818211B2000F014F81821BDE8C4
:104EA00010401C2000F00EB80EB54FF0FF338DE817
:104EB0000E0002460123D0210148FEF769FA0EBD1B
:104EC000D437002003B583B04FF0FF33012204A98B
:104ED0008DE80E0013460246D0210248FEF786FBFD
:104EE00005B000BDD43700200D4808B5416941F038
:104EF000010141614069002200F00100009005219C
:104F00001020FEF7CDFC1020FEF7BCFC002205218E
:104F10001120FEF7C5FCBDE808401120FEF7B2BC29
:104F20000010024010B500F053FA1B4802F002FADC
:104F30001A4C194A002160631032194802F02EFA07
:104F4000154AA06334320021164802F027FA124AAB
:104F5000E06358320021144802F020FA0E4A20641F
:104F60007C320021114802F019FA0B4A6064A03229
:104F700000210F4802F012FA074AA064C43200214F
:104F80000C4802F00BFA044AE064E83200210A48B7
:104F900002F004FA206510BDE8AC0008B40000205F
:104FA0006D560008354D0008CD2A000845640008FC
:104FB000A15E00086D670008055600082DE9F0475E
:104FC00086B00024414800940194029403948169BE
:104FD00041F010018161816901F010010491816942
:104FE00041F020018161816901F020010491816912
:104FF00041F004018161816901F00401049181693A
:1050000041F0080181618069012200F00800DFF8A9
:10501000C0805503049029464046FEF7EAF8DFF8C1
:10502000B4A001224FF473415046FEF7E2F8DFF8D6
:10503000A8904FF40147002239464846FEF7D9F8B8
:10504000002228215046FEF7D4F8009503260125BA
:105050000396CDE9015469464046FDF7D5FF30205F
:105060008DE8310069464846FDF7CEFF13208DE8F4
:10507000310069465046FDF7C7FF4FF47040CDE957
:105080000005CDE9024669465046FDF7BDFFCDE972
:1050900000750227CDE9024769464846FDF7B4FF8F
:1050A0002820CDE90005CDE9024769465046FDF7C5
:1050B000ABFF3002009001AA112082E8510069463E
:1050C0005046FDF7A1FF06B0BDE8F0870010024092
:1050D00000100140000C0140000801400D4810B5CF
:1050E0000B4901600C49416000214FF4804281600E
:1050F000C0E9031241618161C1610162FEF784F878
:10510000002803D0BDE81040FDF7FCBD10BD000035
:1051100000580040D4370020A086010010B58AB0A6
:10512000002407941C2168460894FBF7A1F919484C
:105130004FF0804101602321C0E901146321C0E9DF
:1051400003148461FFF7FFF808B1FDF7DBFD079456
:1051500007A910480894FEF763FE08B1FDF7D2FDD9
:105160006020CDE9000402940022694609480494B5
:10517000FFF783F808B1FDF7C5FD0422694605482D
:10518000FFF77BF808B1FDF7BDFD0248FFF750F8C7
:105190000AB010BD2838002010B58CB02421684614
:1051A000FBF766F900241648099414490A94C0E9EB
:1051B00000144FF6FF71C0E90241046184610120CF
:1051C000CDE90004CDE902040494CDE905400F20A7
:1051D000CDE9074069460A48FEF7B0FE08B1FDF781
:1051E00091FD099409A906480A94FEF719FE0028C2
:1051F00001D0FDF787FD0CB010BD00000004004099
:105200007038002010B58CB024216846FBF730F9C7
:1052100000241648099414490A94C0E900144FF672
:10522000FF71C0E90241046184610120CDE90004FD
:105230000F21CDE902040491CDE9054007946946A8
:105240000A480894FEF77AFE08B1FDF75BFD099461
:1052500009A906480A94FEF7E3FD002801D0FDF7EE
:1052600051FD0CB010BD000000080040B83800200F
:105270000C4810B50A4901604FF4165141600021F5
:1052800081600C22C160C0E904128161C161FFF735
:1052900037FA002803D0BDE81040FDF733BD10BD3C
:1052A0000044004000390020FEE7000010B5002156
:1052B0000448FFF789F8BDE8104004210148FFF7D2
:1052C00083B80000283800202DE9F041040011487F
:1052D000114E4FF480554FF400574FF001020CD49B
:1052E00029460546FDF785FF002239462846FDF789
:1052F00080FF30684463BDE8F08139460746FDF71A
:1053000078FF002229463846FDF773FF3168604276
:105310004863F0E7000C0140283800202DE9F041F7
:1053200004001148114E4FF480454FF400474FF0F0
:1053300000020CD429460546FDF75BFF01223946E1
:105340002846FDF756FF30688463BDE8F081394692
:105350000746FDF74EFF012229463846FDF749FF73
:10536000316860428863F0E7000C01402838002073
:10537000FEE708B500200090401C00906428FBD395
:1053800008BD10B5002000F0F9F8E22000F0CCF8DC
:10539000BDE81040012000F0F1B810B5002000F089
:1053A000EDF8E12000F0C0F8BDE81040012000F069
:1053B000E5B810B5002000F0D9F8012000F0DEF8C3
:1053C000002000F0EBF8BDE81040002000F0DEB84F
:1053D00010B5FFF7EEFF0821002000F0E7F83F21AD
:1053E000012000F0E3F80121022000F0DFF80321A2
:1053F000084600F0DBF80321042000F0D7F8022172
:10540000052000F0D3F80E21062000F0CFF820216F
:10541000112000F0CBF8052207490A2000F0D8F847
:10542000FFF7BBFFFFF7ADFF7021072000F0BEF8CC
:10543000BDE8104000F064B8AD0000201021014824
:10544000FDF7D2BE000C014010B50446002000F06C
:1054500095F8204600F068F8FF2000F065F8044653
:10546000012000F08BF8204610BD70B506460D46B1
:10547000002000F083F8612000F056F8002405E0D9
:10548000FF2000F051F83055641CE4B2AC42F7D371
:10549000BDE87040012000F071B810B5002000F0A8
:1054A0006DF8FF2000F040F80446012000F066F897
:1054B000204610BD10B5FFF7F0FF04460020FFF7AF
:1054C000C3FF800701D4032412E0C4F301100328B2
:1054D0000DD060060FD5012420210848FFF7C5FF35
:1054E0004021072000F062F8FFF74BFF04E00224A0
:1054F000FFF76EFF00E00024204610BDB437002007
:1055000010B5002000F032F80020FFF79DFFFF28C3
:1055100009D040F00301002000F048F8BDE8104039
:10552000012000F023B810BD70B504460025200608
:1055300001D5012000E0002000F028F86006040EEC
:10554000012000F02BF8FFF714FFFFF777FF08B1F9
:1055500044F00104002000F021F8FFF70AFF6D1C61
:10556000EDB2082DE3D3204670BD000002464FF493
:1055700080710148FDF73DBE0008014002464FF42E
:1055800000410148FDF735BE0008014002462021D8
:105590000148FDF72EBE0000000C01400246082124
:1055A0000148FDF726BE0000000C014070B504461E
:1055B0000D460020FFF7E2FF44F02000FFF7B4FFA4
:1055C0002846FFF7B1FFBDE870400120FFF7D6BFC6
:1055D00070B5044615460E460020FFF7CFFF44F095
:1055E0002000FFF7A1FF002404E0305DFFF79CFFDF
:1055F000641CE4B2AC42F8D3BDE870400120FFF770
:10560000BDBF000001F060FE04463234204601F0C8
:1056100044FEFFF74FFF0128F7D1104890F90160D1
:1056200090F9025002F0B2FB304603F051FD002227
:105630000B4B03F0B9FB03F0C9FA0A49086028468E
:1056400003F046FD0022084B03F0AEFB03F0BEFA68
:1056500004493C31086002F0B9FBD6E7B4370020BA
:105660000000444044010020000039401CB501F016
:105670002BFE7B4D0746A5F1540605F13C0805F1CC
:1056800078093237384601F008FE00F023F900218E
:1056900074A30622084600F0F8F9286903F096FF83
:1056A000CDE9000171A306220821002000F0EDF9E8
:1056B000686903F08BFFCDE900016FA3062210217A
:1056C000002000F0E2F9A86903F080FFCDE90001B5
:1056D0006CA306221821002000F0D7F9286803F0F7
:1056E00075FFCDE900016AA306222021002000F009
:1056F000CCF9306B03F06AFFCDE9000167A3062205
:105700002821002000F0C1F9E86803F05FFFCDE92F
:10571000000165A306223021002000F0B6F965A340
:1057200006220021322000F0B0F94446D8F81000DB
:1057300003F04CFFCDE9000160A3062208213220CE
:1057400000F0A3F9606903F041FFCDE900015BA31C
:1057500006221021322000F098F9A06903F036FFEC
:10576000CDE9000155A306221821322000F08DF961
:10577000206803F02BFFCDE9000150A30622202171
:10578000322000F082F9B06A03F020FFCDE9000179
:105790004AA306222821322000F077F9E06803F0BE
:1057A00015FFCDE9000145A306223021322000F08B
:1057B0006CF944A306220021582000F066F94C46FB
:1057C000D9F8100003F002FFCDE900013BA3062247
:1057D0000821582000F059F9606903F0F7FECDE97F
:1057E000000136A306221021582000F04EF9A069CE
:1057F00003F0ECFECDE9000130A306221821582069
:1058000000F043F9206803F0E1FECDE900012BA38D
:1058100006222021582000F038F9F06A03F0D6FE65
:10582000CDE9000125A306222821582000F02DF9FA
:10583000E06803F0CBFECDE9000120A30622302171
:10584000582000F022F9B6F90A0000901FA30622A2
:105850003821002000F019F900F070FA11E700007B
:1058600008010020416E676C65000000503A253049
:10587000352E326600000000493A2530352E32665A
:1058800000000000443A2530352E3266000000004A
:10589000543A2530352E326600000000413A25305A
:1058A000352E3266000000004F3A2530352E326624
:1058B0000000000053706565640000002530352E3F
:1058C000326600005475726E0000000047593A2598
:1058D0006400000010B50021074C0A46002004EBCC
:1058E000C1131A54401CC0B28028FAD3491CC9B253
:1058F0000829F3D310BD0000942E0020F0B50B440E
:1059000024E0044685181DE07F2C19D8002917DBF8
:105910003F2915DCCE1701EB56764FEAE60C0D4F0A
:1059200026F0070607EBCC172744A1EB060E97F8E5
:1059300000C0012606FA0EF62CEA060C87F800C015
:10594000641C24B2A542DFDC491C09B28B42D8DCBE
:10595000F0BD0000942E002010B500204FF47A72A4
:105960000021491C9142FCD3401C9042F8D30120F5
:1059700000F0F8F9BDE81040012000F0FBB970B567
:1059800000240646802525FA04F0304000D001208E
:1059900000F0F0F9012000F0E5F9002000F0E2F954
:1059A000641CE4B2082CEED3012000F0DBF9BDE862
:1059B0007040002000F0D6B910B5012000F0DAF9EF
:1059C000012000F0CFF9002000F0D4F9BDE810402C
:1059D000002000F0C7B910B5002000F0CBF901207D
:1059E00000F0C0F9BDE81040012000F0C3B910B5C7
:1059F000FFF7B2FFAE2000F0C5F9D52000F0C2F9E4
:105A0000802000F0BFF9A82000F0BCF93F2000F092
:105A1000B9F9D32000F0B6F9002000F0B3F9402026
:105A200000F0B0F9A12000F0ADF9C82000F0AAF90B
:105A3000DA2000F0A7F9122000F0A4F9812000F08C
:105A4000A1F9CF2000F09EF9D92000F09BF9F120B8
:105A500000F098F9DB2000F095F9302000F092F981
:105A6000A42000F08FF9A62000F08CF98D2000F022
:105A700089F9142000F086F9AF2000F083F9FFF7D0
:105A800029FFBDE8104000F059B90FB470B5C0B09F
:105A900014460D46064648AA68464799FAF756FC4A
:105AA00023466A462946304600F092F840B070BC62
:105AB0005DF814FB10B50C4640F0B00000F062F940
:105AC000102040EA141000F05DF904F00F00BDE86A
:105AD000104000F057B9000008B5082B0DD0062B78
:105AE0000AD10A4B02EB420203EB4202C03A009297
:105AF0000823062200F00EF808BD054B03EB021246
:105B0000A2F50072102300920822F3E702A2000817
:105B1000129C00082DE9F04F1F4616460D4682469E
:105B20000024FFF7EBFE7F1EF81707EB50700121F2
:105B3000DFF898B001EBE00743E000203DE000BF54
:105B40000AEB00037F2B36D8E91705EB5171CA1019
:105B500021F00701691A002D03DA521E083112B232
:105B600009B202EB0409B9F1070F0ED8099A04FB38
:105B700006F802440BEBC91E18F802201EF803C0F9
:105B80008A404CEA020C0EF803C009F10102072A10
:105B900011D80BEBC91202EB0308099A04FB06FCAF
:105BA000024498F880301CF80220C1F10801CA4074
:105BB000134388F88030401CC0B2B042C0D3641C8C
:105BC000E4B2A742B9DCBDE8F08F0000942E0020BB
:105BD0002DE9FF4F002483B09B4690462546A24600
:105BE000DFF850919EE0100610D403988DF8042041
:105BF000641C2844A4B28DF805A000B25B46049949
:105C0000FFF76AFF05EB0B0085B28BE00620B0EBD7
:105C1000521F0ED1641CA0B28DF8042018F8001099
:105C2000002974D08DF80510401C84B28DF806A0B0
:105C30003CE00E20B0EB121F16D1641CA0B28DF810
:105C4000042018F80010002971D0401C80B28DF893
:105C5000051018F80010002969D08DF80610401CB6
:105C600084B28DF807A021E01E20B0EBD20F1FD127
:105C7000641CA0B28DF8042018F80010002956D03A
:105C8000401C80B28DF8051018F8001000294ED085
:105C9000401C80B28DF8061018F80010002946D07C
:105CA000401C8DF8071084B28DF808A0002609E08A
:105CB000641CA4B236E0384601A9FAF701FC68B1C9
:105CC000761CB6B206EB860000EB461101EB09002C
:105CD000074619A1FAF7F4FB0028ECD1BBF1080F35
:105CE00003D0BBF1060F1DD112E006EB860000EBDE
:105CF000461101EB0900401D009003981023284431
:105D000000B21A460499FFF705FF103509E00EE0CE
:105D100003980623284400B23F220499FFF7DCFED3
:105D2000AD1DADB218F80420002A7FF45CAF07B0B7
:105D3000BDE8F08F3CA400080000000070B5084DDD
:105D4000002400212046FFF7B5FE05EBC41080219A
:105D500000F029F8641CE4B2082CF2D370BD0000F6
:105D6000942E002002464FF480710148FDF741BA9D
:105D7000000C014002464FF400710148FDF739BAAA
:105D8000000C014010B50446FFF716FE7820FFF71F
:105D9000F6FD0020FFF7F3FD2046FFF7F0FDBDE81C
:105DA0001040FFF718BE70B50D460646FFF704FE1B
:105DB0007820FFF7E4FD4020FFF7E1FD002404E038
:105DC000305DFFF7DCFD641CE4B2AC42F8D3BDE803
:105DD0007040FFF700BE0021C16101624162416075
:105DE0008160C1600160704770B50446C06920627F
:105DF0006168206803F0D8FDE061606910F0FF4041
:105E000011D0E169606A03F00DFC6062A16A606A0A
:105E100003F098FD01D2A06A6062E16A606A03F053
:105E200091FC01D2E06A6062A168606803F0BCFD89
:105E3000A16903F0BBFC616A0546606903F0B6FC2A
:105E4000E1690646206903F0B1FC314603F0EAFB44
:105E5000294603F0A9FDE060E068B0F5000F04DB1F
:105E6000A16BE06803F0DEFBE060E06810F1FF4F3B
:105E700004D3A16BE06803F097FDE060216BE0685C
:105E800003F060FD01D2206BE060616BE06803F01D
:105E900059FC01D2606BE0606068A06070BD0000DA
:105EA0001FB501F011FADFF848900446A9F13C0A49
:105EB000A9F1780B641C204601F0EFF900F082F99B
:105EC000D9F8240003F082FB07468846DAF824005C
:105ED00003F07CFB05460E46DBF8240003F076FB5E
:105EE0008DE8E00102460B4602A000F05DF9E1E713
:105EF000800100205B706C6F742C25662C25662C4D
:105F000025665D00044800218181C1818170418145
:105F1000417000F001BA0000940000202DE9F04724
:105F200000287CD00178002979D081A1FAF72EFAD7
:105F3000060074D07FA1FAF7C3FA002851D07EA1E1
:105F40003046FAF7BDFA7E4C002804F13C0552D0E9
:105F50007CA13046FAF7B4FA002860D174A1FAF7B0
:105F600015FA804672A10020FAF710FA074670A1D0
:105F70000020FAF70BFA81466DA10020FAF706FA25
:105F80000646B8F1000F4AD0002F48D0B9F1000FF3
:105F900045D0002E43D04046FAF7EAF93846FAF7E2
:105FA000E7F94FFA80F84846FAF7E2F947B2304687
:105FB000FAF7DEF901F0EAFE404603F089F8002224
:105FC000634B02F0F1FE02F001FE2060384603F060
:105FD0007FF800225F4B02F0E7FE02F0F7FD286039
:105FE000A0E053A10020FAF7D1F9BDE8F04750A195
:105FF0000020FAF7CBB94EA10020FAF7C7F9804686
:106000004BA10020FAF7C2F90746B8F1000F06D0FD
:10601000002F04D001F0BAFE4FA1404600E085E019
:10602000FAF74EFA464E3C3E00282FD04CA140468F
:10603000FAF746FA002830D04BA14046FAF740FA6A
:10604000002831D04AA14046FAF73AFA98B34AA15B
:106050004046FAF735FA78B349A14046FAF730FAE4
:1060600058B349A14046FAF72BFA38B348A1404645
:10607000FAF726FA88B348A14046FAF721FA68B33E
:1060800047A14046FAF71CFA48B34BE0384601F006
:106090005FF802F09BFD306144E0384601F058F8AB
:1060A00002F094FD70613DE0384601F051F802F0D5
:1060B0008DFDB06136E002E008E011E017E03846FF
:1060C00001F046F802F082FD20612BE0384601F035
:1060D0003FF802F07BFD606124E00FE015E01BE07B
:1060E000384601F035F802F071FDA0611AE038463B
:1060F00001F02EF802F06AFD286113E0384601F045
:1061000027F802F063FD68610CE0384601F020F8E2
:1061100002F05CFDA86105E0384601F019F802F0D4
:1061200055FDB063BDE8F04701F050BEBDE8F08713
:106130002C0000006B657900736C69646572000067
:10614000440100206A6F79737469636B000000007A
:106150000000444000003940416E676C654B7000A0
:10616000416E676C654B6900416E676C654B6400FE
:1061700053706565644B700053706565644B6900CE
:1061800053706565644B64005475726E4B7000000B
:106190005475726E4B6900005475726E4B6400004A
:1061A0004F666673657400000FB400B599B01BAA02
:1061B00068461A99FAF7CAF8684600F0A1F819B0CB
:1061C0005DF814FB70B5214C207808B100F0A4F8FC
:1061D0006078002538B1FDF711F82169401A64286C
:1061E00001D9657065811A4EA088E188884228D05F
:1061F0001848E188405CE188491CC9B2E1806178B7
:1062000059B161897054491C89B261815D280ED0F1
:106210008029E9D365706581E6E75B28E4D1012137
:10622000617030706181FCF7E9FF2061DCE7701874
:1062300000F8015C701C00F0DBF8701CFFF76EFECC
:10624000E8E7BDE8704000F08BB800009400002043
:106250009434002094330020F0B51248C06B0068DD
:1062600040684042C2B210480189104D511ACCB268
:10627000002105F5807610E08388C7885B1CDBB2BF
:10628000BB420CD00789B0F804C00F44FFB2EF5DE9
:1062900006F80C708380491C89B2A142ECD30281BC
:1062A000F0BD00000039002094000020943200204E
:1062B0002DE9F0410C4605001CD0002C1AD001F04D
:1062C00065FD00230C4A0D490CE09089D689401CDD
:1062D000C0F30800B04207D0EE5C9789CE5590819C
:1062E0005B1C9BB2A342F0D301F070FDBDE8F0410E
:1062F00000F036B8BDE8F08194000020143500208D
:1063000010B5040007D0FAF747F881B22046BDE87F
:106310001040FFF7CDBF10BDF8B50E4D00242C8105
:10632000AC80EC800C4E30680168416800910168D7
:10633000406800904FF4807208493046FEF780FABA
:10634000002805D12C703068C16841F01001C1608F
:10635000F8BD000094000020003900209432002095
:1063600010B501F013FD1E48817899BB8189C2895F
:1063700091422FD08189C289914203D98189C289F2
:10638000891A02E0C189C1F500718CB2802C02D952
:106390008024002101E0002108E0C289114B0A4459
:1063A0009A5C03F500735A54491C89B2A142F4D394
:1063B000C1892144C1F30801C1810121817001F02B
:1063C00005FD002C0AD02246BDE8104006490748CA
:1063D000FEF746BABDE8104001F0F8BC10BD000061
:1063E00094000020143500201437002000390020CC
:1063F00010B501465C231FE05C2A15D14C789CB196
:1064000011F8012F5C2A14D06E2A0CD0722A08D001
:10641000742A0CD000F8013B11F8012B00F8012B75
:106420000AE00D2200E00A2200F8012B03E0092215
:10643000FAE700F8013B491C0A78002ADCD1002168
:10644000017010BD00F040FF2A4EDFF8ACB0DFF85D
:10645000AC80DFF8AC90DFF8ACA02B4C05463235B1
:10646000284600F01AFF0120FCF71EFC02F030FE67
:106470000022334602F098FC5F465A46434602F03B
:1064800093FC4A46534602F08FFC02F09FFB2062C9
:106490000220FCF709FC02F01BFE0022334602F04A
:1064A00083FC3A46434602F07FFC4A46534602F0DC
:1064B0007BFC02F08BFB6062616A206A03F0B2F839
:1064C0004FF0FF3103F04CFBA062616A206A03F0D9
:1064D0006BFAE06220880028C1D0A06A0A4F90378A
:1064E00078603846FFF780FCF868A7F13C01086047
:1064F000B5E70000000046409A9999999999A93FFB
:1065000004392861A68D2240B400002010B54FF058
:10651000E020006902F070F9012803D0BDE81040C6
:1065200001F066BE10BD30B58FB028216846F9F77E
:106530009FFF14210AA8F9F79BFF01210804CDE968
:1065400000100024029402250491CDE907504FF475
:10655000E01009906846FDF7D1FA08B172B6FEE77F
:106560000F20CDE90A054FF48060CDE90C400221EF
:106570000AA80E94FDF7C6F9002801D072B6FEE70E
:106580000FB030BD704700000148FDF7B9BD0000F5
:10659000D0390020F0B50268194B1A4C1A4D4FF053
:1065A0008047984205D0B84203D0A04201D0A8420B
:1065B00003D122F070064A683243984205D0B842AF
:1065C00003D0A04201D0A84203D122F44074CA688B
:1065D00022434C6922F08002224302608A68C26230
:1065E0000A688262984201D109690163012141610F
:1065F0000169C90703D0016921F001010161F0BD02
:10660000002C0140000400400008004010B501F0DB
:106610001F030121046A99408C430462016A9A4075
:106620001143016210BD000030B5036A026A22F016
:10663000010202624268846924F073050C682C43ED
:1066400023F002058B682B430A4DA8420BD123F09F
:106650000805CB6822F440722B434D6923F00403F4
:1066600015438A692A434260846149684163036231
:1066700030BD0000002C014030B5026A036A23F0EF
:1066800010030362436884690D6824F4E64444EA15
:1066900005248D6822F0200242EA05120B4DA84223
:1066A0000ED1CD6822F0800242EA05124D6923F432
:1066B000406343EA85038D6922F0400243EA850383
:1066C0004360846149688163026230BD002C0140EF
:1066D00030B5036A026A22F4807202624268C469B9
:1066E00023F4007324F073050C682C438D6843EA8F
:1066F00005230C4DA8420ED1CD6823F4006343EA74
:1067000005234D6922F4405242EA05128D6923F4B3
:10671000806342EA05124260C4614968C163036252
:1067200030BD0000002C014030B5046A026A22F43A
:10673000805202624268C3690D6823F4E64343EA6B
:1067400005238D6824F4005444EA0534064DA8421C
:1067500004D14D6922F4804242EA85124260C3614D
:1067600049680164046230BD002C014000F0ACFDBA
:106770000A4E044606F1CC053234204600F08DFD69
:1067800030880028F8D0F06A68600448CC30FFF701
:106790002BFBE86802F0BAFFB082EDE7B4000020FE
:1067A00010B5406A0021C185C184FDF767FE10BDA8
:1067B00070B5446A2068406994F84110C0F3C01075
:1067C0000025212904D118B1E584204600F0B4F851
:1067D0002068406994F84210C0F38010222904D147
:1067E00018B1E585204600F080F8606C40F010009C
:1067F00060642046FDF742FE70BD10B50146406A58
:10680000096809684FF0000289062ED4C285016824
:106810000C3151E8003F23F4807341E80034002C30
:10682000F5D10168143151E8003F23F0010341E83C
:106830000034002CF5D10168143151E8003F23F0F9
:10684000400341E80034002CF5D1202180F84210AB
:10685000016B012909D101680C3151E8003F23F097
:10686000100341E80034002CF5D14263016B01298B
:1068700002D0FDF7F3FF10BD818DFDF7FEFD10BDC9
:1068800010B5406A01214163016B012902D0FDF777
:10689000E6FF10BD818D4908FDF7EFFD10BD10B575
:1068A0000146406A09680968890616D40021C18436
:1068B0000168143151E8002F22F0800241E80023E2
:1068C000002BF5D101680C3151E8002F42F0400255
:1068D00041E80023002BF5D110BDFDF7FDFF10BDF1
:1068E00010B5406AFEF704F810BD01680C3151E89C
:1068F000002F22F4907241E80023002BF5D10168AB
:10690000143151E8002F22F0010241E80023002B4E
:10691000F5D1016B012909D101680C3151E8002F33
:1069200022F0100241E80023002BF5D1202180F84D
:10693000421000210163704701680C3151E8002FBB
:1069400022F0C00241E80023002BF5D1202180F87D
:106950004110704708B590F84210222901D002205A
:1069600008BD82684FF480539A4201D1016921B178
:10697000816A9A421BD04AB10AE00268816A526871
:10698000C2F308020A80816A891C08E0026972B1B8
:106990000268526802F07F020A70816A491C8162B3
:1069A000C18D491E0904090CC18503D01BE0026892
:1069B0005268F1E70168CA6822F02002CA600168E3
:1069C000CA6822F48072CA6001684A6922F0010232
:1069D0004A61202180F8421000214163026B012AA4
:1069E00003D0FDF73BFF002008BD016301680C31B7
:1069F00051E8002F22F0100241E80023002BF5D1CE
:106A000001680A68D20602D50A6849680091818D3A
:106A1000FDF733FDE7E7000070B504460068016943
:106A2000E26821F44051114301612169A0680843E3
:106A3000616908432168CA6841F20C639A430243C2
:106A4000CA6020684169A26921F440711143416123
:106A50001E492068884202D1FDF71AF801E0FDF7CF
:106A600007F800EBC00101EB0012606864218000B0
:106A7000B2FBF0F3B3FBF1F36FF018067343B2FB14
:106A8000F0F5B2FBF0F605EB8305322303EB0515B9
:106A9000B5FBF1F5B6FBF1F605F0F00505EB0615D3
:106AA000B2FBF0F6B2FBF0F0B0FBF1F06FF01802C1
:106AB000504306EB800003EB0010B0FBF1F02168BF
:106AC00000F00F002844886070BD000000380140CD
:106AD00038B5816204468285002013466064222214
:106AE00084F84220E56B1B4AAA62E56B1A4AEA6207
:106AF000E56B1A4A2A63E26B50630A462168E06B31
:106B0000091DFCF749FA2068016840680090206977
:106B100048B120680C3050E8001F41F4807140E813
:106B20000012002AF5D12068143050E8001F41F00F
:106B3000010140E80012002AF5D12068143050E825
:106B4000001F41F0400140E80012002AF5D100206A
:106B500038BD0000FB67000881680008B1670008C5
:106B600008B50848FDF796FC064800680168C94367
:106B7000C90606D4016840680090BDE80840FFF7E8
:106B80006BBB08BD00390020FEE7490050EAC12078
:106B900018BF04204A0D18BF40F0010040F2FF72F8
:106BA000B2EB515F08BF40F00200012808BF05208A
:106BB00070470907090E002804DB00F1E02080F887
:106BC0000014704700F00F0000F1E02080F8141D61
:106BD00070472DE9F0414F1E00EBC7010446D1E993
:106BE000000115461E4637F006020DD02A463346F0
:106BF00002F0C2FA7F1E04EBC703D3E9002302F0C0
:106C000017F837F00602F1D1022F25D0042F13D048
:106C1000062F18BFBDE8F0812A46334602F0ACFAD1
:106C2000D4E90A2302F004F82A46334602F0A4FA13
:106C3000D4E9082301F0FCFF2A46334602F09CFA0F
:106C4000D4E9062301F0F4FF2A46334602F094FA11
:106C5000D4E9042301F0ECFF2A46334602F08CFA13
:106C6000D4E9022301F0E4FF2A46334602F084FA15
:106C7000D4E90023BDE8F04101F0DABF012202F0BF
:106C800041BF01F0D5BF40F2013200204FF0E0419A
:106C900002F038BF024A0020110702F033BF0000A3
:106CA00001FDFFFF10B50446D1E9000100F002F834
:106CB000206010BDF8B504460D466A4600F05EFA45
:106CC00000987E30009000281EDC002213462046EB
:106CD000294602F0C1F917D0002140F608004FF014
:106CE000000006462046294601F070FF044640F6A3
:106CF000080006EA00014FF0000034F0004004BF35
:106D00000220F9F72AFC29E00098FF2828DB00215F
:106D100008464FF0000000F44006002213462046CB
:106D2000294602F027FB8CBF002501250220F9F738
:106D300014FC4FF0FF4446B1002D0CBF4FF400008F
:106D40004FF48000B04218BF084C042108464FF0B1
:106D50000000002D04BF84F00040F8BD2046F8BDBF
:106D600020462946BDE8F84001F030BFFFFF7F7F95
:106D700010B504460A46D4E90003194600F02AFA81
:106D8000C4E9000110BD30380A2801D20120704743
:106D9000002070472DE9F84F04460D4621F00040D1
:106DA00000917349814211DC7249884201DC06D1AD
:106DB0002CB120462946BDE8F84FFFF75FBF6E486B
:106DC000002DCCBF6D496E49BDE8F88F6D498142F9
:106DD00011DD6D498142D8BF4FF0FF366DDD204691
:106DE0002946FFF7D2FE042808BFFFF753FF2046CD
:106DF0002946BDE8F88F6549654F25F00045814279
:106E000033DD6449814219DD002632464FF080436C
:106E10002046294601F00CFF80468A460122204682
:106E2000294602F06FFE00223B4602F0E5FA424698
:106E3000534601F0B9FF04460D463EE0012600220C
:106E4000BA463B462046294601F0F2FE80460F46F0
:106E5000002253462046294602F0CEFA42463B46DF
:106E600001F0A2FF04460D4627E04B4981421BDD9D
:106E7000DFF828A10226002253462046294602F0C8
:106E80007BF900223B4601F0D3FE80460F460022EC
:106E900053462046294602F0AFFA42463B4601F0EF
:106EA00083FF04460D4608E0032622462B460020B9
:106EB0003B4901F079FF04460D4622462B46104619
:106EC000194602F059F98B46824602460B4602F0FB
:106ED00053F907460246334888460B460621784454
:106EE000FFF777FE52465B4602F046F982462E488F
:106EF0008B463A46434605217844FFF76AFE3A46F8
:106F0000434602F039F902460B46002E50465946D8
:106F10000CDA01F08DFE22462B4602F02DF901B06D
:106F200022462B46BDE8F04F02F05ABA01F080FE2F
:106F300022462B4602F020F91C4A7A4402EBC60393
:106F4000D3E9002302F058FA22462B4602F054FA05
:106F5000174A7A4402EBC603D3E9002302F040FA51
:106F6000009A002AB8BF81F00041BDE8F88F000008
:106F7000000010440000F07F182D4454FB21F93F1D
:106F8000FB21F9BF0000DC3F0000203E0000F33F82
:106F90000000F03F0000E63F008003400000F83FA3
:106FA0000000F0BFBE3F00007C3F00001A3F000021
:106FB000E23E00002DE9F04D9446CCF1000423F0B0
:106FC00000464CEA0404594F46EAD4749A4688466F
:106FD00021F00042BC4206D8454240EA050442EA9C
:106FE000D474BC4204D9BDE8F04D6246FFF749BEF7
:106FF000AAF14055A5F17F6555EA0C040BD0022497
:1070000004EAAA744A4DDFF82CE144EAD87452EA43
:10701000000B04D00CE0BDE8F04DFFF7BBBE002C28
:1070200014BF012CBDE8F08D022C30D0032C32D0DF
:1070300056EA0C0B0AD0BE4220D1BA4209D126F042
:10704000804622F080423346114617E000291ADBC1
:1070500025E0DFF8E4B0FB44002C04BFDBE90001CD
:10706000BDE8F08D012C02BFDBE9000181F0004199
:10707000BDE8F08D022C0AD0032C0CD0BA4212D1FC
:10708000B8F1000F0BDA2A482C49BDE8F08D2846EC
:107090002B49BDE8F08D28467146BDE8F08D2448A7
:1070A0002849BDE8F08D921B12153C2AC4BF204F21
:1070B000244E10DCBAF1000FBEBF12F13C0F0027C6
:1070C0003E4608DB624601F06FFE21F00041FFF70B
:1070D00061FE07460E4694B1012C08BF86F00046BB
:1070E0000DD0194A194B022C3846314615D002F002
:1070F00083F92A46BDE8F04D114B02F07DB900221C
:1071000013463846314601F0A7FF04BF0220F9F7C5
:1071100024FA38463146BDE8F08D02F06DF92A4672
:10712000BDE8F04D064B02F05BB900000000F07FB7
:10713000182D4454FB2109C0763E0000FB21F9BF05
:10714000FB210940FB21F93F075C143326A6A13C33
:1071500030B583B00446F9F7FBF905460020CDE9C8
:107160000000024621466846F9F7CEFC2846F9F7AA
:10717000F4F9DDE9000103B030BD000010B514469C
:1071800000222260114A21F000439342A8BF10BDA3
:1071900053EA000208BF10BDB3F5801FA8BF2268E4
:1071A00007DA362202F0AEFC6FF0350221F0004320
:1071B0002260DFF81CC06FF31E510CEB23531A44FE
:1071C00041F0FF5141F00051226010BD0000F07FFE
:1071D00002FCFFFF2DE9F04106460C4640F2FF7528
:1071E000174635EA14502BD000221346304601F0E2
:1071F00033FF25D03A463046214602F083FC06464E
:107200000C4635EA145010D000221346304601F0E7
:1072100023FF15D10220F9F7A0F9FFF73BFD0A463D
:10722000214662F31E01BDE8F0810220F9F795F9CD
:10723000FFF729FD0A46214662F31E01BDE8F081F1
:1072400030462146BDE8F081FCF7A0FAFFF76BF964
:10725000FDF7B4FEFDF748FEFDF760FFFDF79CFF6C
:10726000FDF73CFFFDF7CEFFFEF702F8FEF7BFFB90
:10727000FEF71CF8FBF730FDFDF7FBFDFEF742FEC5
:1072800000F02AF8FDF74EFE00F038F8FEE7012284
:10729000FBF7AFBF0022FBF7ACBF38B50546EFF3F5
:1072A000058010B16FF005040CE0002401F0B2FA83
:1072B000291A0090002903DD684600F03FFE01E036
:1072C0006FF00304204638BDEFF3058008B101F0EC
:1072D000A7BA01F09FBA0000EFF3058010B16FF07C
:1072E000050070470448016811B14FF0FF30704746
:1072F00001210160002070476000002010B5EFF30D
:10730000058010B16FF0050010BD08480168012923
:1073100002D04FF0FF3010BD054A002182F8141D45
:107320000221016000F092FE002010BD60000020EC
:107330000BE000E070B505464FF00004EFF3058068
:1073400050BB0DB1686800E00020C10701D00126E4
:1073500000E0002600071FD46DB1D5E9021021B16D
:10736000502819D31EB1042002E020B114E00120FE
:1073700000F05FFF05E00EB1042000E0012000F006
:107380004DFF040008D00DB1296800E0002100F095
:107390009FFD0EB144F00104204670BD2DE9FF4170
:1073A0004FEA01034FF00005EFF30581039549BB58
:1073B00040B38027182100244AB3166806B134462A
:1073C00096691EB13146761E382E02D21679F6071E
:1073D00003D0002004B0BDE8F081566906B1B708BB
:1073E000D2F808C0BCF1000F0DD0D5685C2D18D3C1
:1073F00012693AB136B18DE806103A46214601F0DD
:10740000D0F903900DE0D6685EB912694AB903AAB3
:10741000CDE90012BAB2214601F096F9012800D058
:1074200003950398D6E700002DE9F041134C0F4671
:107430000546E6682068001D00F04CFC681C07D17A
:1074400037B12168BDE8F0410D48091D00F092BC3C
:1074500020683544B5424560216805D2A06BBDE87F
:10746000F041091D00F06EBC606B091D00F06AFC64
:10747000A06A854200D2A562BDE8F081100000201C
:10748000B00600202DE9F041054600F07FFC2D4CB0
:10749000A068401CA06020682B4F10B1606930B319
:1074A0002BE02560A068012827D1002606EB860086
:1074B00007EB800000F038FC761C382EF6D323480A
:1074C00000F032FC2148143000F02EFC1F48283018
:1074D00000F02AFC1D483C3000F026FC1B485030D0
:1074E00000F022FC194860631430A06305E02068B6
:1074F000E96AC06A884200D82560606A401C606200
:107500006864E86A2169884200D9206100EB800044
:1075100007EB8000291D00F02DFC00F057FC60698E
:1075200000280CD02068E96AC06A884207D208495E
:107530004FF080500860BFF34F8FBFF36F8FBDE8EF
:10754000F0810000100000200002002060060020F2
:1075500004ED00E038B500F019FC104C2068C8B903
:107560000F4800F0E1FB0E48143000F0DDFB0C4842
:10757000E060143020610A4B0020F03B009003F1E2
:10758000500210210A2000F082FE206010B105A1F7
:1075900000F09EFCBDE8384000F018BC4C00002014
:1075A000B4070020546D72510000000030B4026C2A
:1075B0000B46002A0BD0C1681144C1608468A14207
:1075C00001D30168C16030BC1846F8F704BF30BC75
:1075D00070472DE9F041856B174604460026026C82
:1075E00082B1C7B1E068F8F7F6FEE168206C091ACD
:1075F000E1602268914202D2A168081AE060022F7D
:1076000016D017E02068A8B9A06801F075F9064601
:107610000020A0600EE06068F8F7DDFE216C606875
:1076200008446060A168884204D32068606001E07B
:1076300005B16D1E6D1CA5633046BDE8F08110B527
:10764000044690F8590058B101280CD002280FD0F8
:10765000502080F31188BFF34F8FBFF36F8FFEE789
:10766000206B00F0C7FB2046BDE8104000F0C2BB15
:1076700010BD000010484FF40051420706D0C01D55
:107680000D4920F00700411AC1F500510B4A0023B3
:107690000144C2E900030839183A21F007011160DA
:1076A0004B600B600B1AC0E9001393604FF0004071
:1076B0005360506170470000940E00207C00002051
:1076C000144E154CA6F29C474FF08058DFF84C90B2
:1076D00012E000BF00F05AFBF068C568281D00F0FA
:1076E000F9FAA068401EA0606068401E606000F06B
:1076F0006DFB2846FFF7A3FF60680028EAD13868D1
:107700000128F9D9C9F80080BFF34F8FBFF36F8FFD
:10771000F2E700009C0600201000002004ED00E0CD
:10772000002807D00021816001600B460A46C16035
:1077300000F024BE7047000070B51D46049C51B196
:10774000C4F80020C4E90F010121204600F0D2FD59
:1077500084F84C5070BD2460F4E700002DE9F05F20
:107760008846DDE90B941546834691009A460A9EA9
:10777000A522206BF8F774FE6FF00301206B01EB7C
:107780008501084420F00707780707D0502080F3D0
:107790001188BFF34F8FBFF36F8FFEE70025B8F15D
:1077A000000F0FD05FF00000221818F8001082F8C8
:1077B000341018F8001011B1401C1028F4D384F8CC
:1077C000435001E084F83450382E00D33726E66267
:1077D000C4E91365201D00F0B2FA04F1180000F0AE
:1077E000AEFA2461C6F138006462A061656584F870
:1077F000585052465946384600F05AFA2060B9F1BE
:10780000000F01D0C9F80040BDE8F09F30B5114924
:1078100000E011460A688242FBD34B685C18844240
:1078200003D1406818444860084643681C189442D5
:1078300009D1084C183C2468A24209D052681A4465
:1078400042600A6812680260814200D0086030BD60
:107850000460F9E77C00002070B5002441600B4D06
:107860000061914206D8D11A8269914206D2011D67
:10787000286907E09A4203D2994201D3012403E028
:10788000011DE86800F05EFA204670BD4C00002043
:1078900010B5044600F07AFAA06B28B15FF000043E
:1078A00000F094FA204610BD0124F9E730B589B004
:1078B0003C4D6EE00498002806DADDE90601059AE1
:1078C00090470498002864DB069C606910B1201D75
:1078D00000F000FA03A800F0D7F8024604980A283E
:1078E00057D2DFE800F00505052D334A05052D3395
:1078F00094F8280040F0010084F828000599A06958
:10790000059B01442046FFF7A7FF68B3216A204684
:10791000884794F8280040073BD500200090059840
:10792000A169002342181946204601F0EFF8D8B9A2
:10793000502080F31188BFF34F8FBFF36F8FFEE7A6
:1079400014F8280F20F00100207022E094F828009D
:1079500040F0010084F828000598A06128B1811842
:1079600013462046FFF778FF13E0502080F311887C
:10797000BFF34F8FBFF36F8FFEE794F828008107A6
:1079800003D4204600F036FA03E020F0010084F82A
:107990002800002204A9286800F000FE002889D1F0
:1079A00009B030BD4C0000202DE9FC410F460546D2
:1079B00000F090FB01A800F067F80446019818B1A8
:1079C00001F012F8BDE8FC81254EAFB130690068C6
:1079D000D0B30027291B3A46306800F08DFA01F039
:1079E00003F80028EED11F494FF080500860BFF324
:1079F0004F8FBFF36F8FE5E7A542EBD800F0F4FFA0
:107A0000F0682746C068C468201D00F063F994F848
:107A10002800410719D5A0692B4641193A4620464E
:107A2000FFF71AFFA8B100200346014600902A463E
:107A3000204601F06BF860B9502080F31188BFF345
:107A40004F8FBFF36F8FFEE707E020F0010084F84F
:107A50002800216A20468847B4E70127BAE70000DA
:107A60004C00002004ED00E00648416B096829B194
:107A7000416BC968C9684968816270474FF0FF313E
:107A8000FAE700001000002070B5054600F0C2FEC5
:107A9000064E0446B068844203D200F009F8012083
:107AA00000E0002028602046B46070BD4C0000203B
:107AB000F8B5194D20E0C068C4680668201D00F0C4
:107AC00009F9216A2046884794F82800400713D511
:107AD000A0693044B04206D924616060211DE86885
:107AE00000F030F908E000200346014600903246DD
:107AF000204601F00BF838B1E86801680029DAD1B6
:107B00002969C5E90310F8BD502080F31188BFF33F
:107B10004F8FBFF36F8FFEE74C000020084840688E
:107B2000401C4FF0500080F3118804D0BFF34F8FFA
:107B3000BFF36F8FFEE7BFF34F8FBFF36F8FFEE78B
:107B400084000020074CE068016841B1C068002152
:107B5000D0F80000FFF728FFFFF7A8FEF3E70121A8
:107B60000020F7E74C0000202DE9F041044600F02A
:107B70000DF994F9455004F1240609E0606A48B112
:107B8000304600F0F9FE08B100F026FA6D1E6DB225
:107B9000002DF3DC4FF0FF3684F8456000F016F955
:107BA00000F0F4F894F9445004F1100709E020695A
:107BB00048B1384600F0E0FE08B100F00DFA6D1E45
:107BC0006DB2002DF3DC84F84460BDE8F04100F0B4
:107BD000FDB800002DE9F0410546002700F07AFAD3
:107BE000324E306808B9FFF745FD706905424ED145
:107BF000C5B3083568070ED005F00700C0F10800CE
:107C00000544680707D0502080F31188BFF34F8FD9
:107C1000BFF36F8FFEE72DB37068854237D82348D6
:107C2000183001460C6801E020460C466168A94204
:107C300002D221680029F7D131688C4227D0076829
:107C40002168016060680837411B10290FD960194D
:107C5000420708D0502080F31188BFF34F8FBFF345
:107C60006F8FFEE713E041606560FFF7CFFD61684D
:107C70007068401A7060B268904200D2B06070695B
:107C800001430020C4E90001F068401CF06000F0EE
:107C9000ABFE780707D0502080F31188BFF34F8FD9
:107CA000BFF36F8FFEE73846BDE8F0816400002027
:107CB00010B5031F4FF080741C601B1F21F00101E1
:107CC0001960191F024B0B60143940380A6010BD4F
:107CD0001D7B0008D0E9013201699A60D0E90123D7
:107CE0005A604A68824201D182684A600022026179
:107CF0000868401E0860086870470000034B036076
:107D000003F15C000860802010607047DC070020F1
:107D1000044B036003F15C0008604FF48070106056
:107D200070470000380A002000F108014FF0FF32D0
:107D3000C0E90112C16001610021016070470021AA
:107D40000161704730B50B685A1C02D000F108027F
:107D500002E0026904E02246546825689D42FAD98F
:107D600053684B6099608A60516008610168491CE2
:107D7000016030BD42684A6093688B6093685960C7
:107D8000916008610168491C01607047502080F3D0
:107D90001188BFF34F8FBFF36F8F0A494868401CAB
:107DA000486001280CD10848006810F0FF0F07D088
:107DB000502080F31188BFF34F8FBFF36F8FFEE722
:107DC000704700008400002004ED00E00849486886
:107DD00028B1401E486001D180F3118870475020BF
:107DE00080F31188BFF34F8FBFF36F8FFEE7000062
:107DF0008400002070B500282AD0164DA0F1080498
:107E000060686969084207D1502080F31188BFF388
:107E10004F8FBFF36F8FFEE722683AB1502080F397
:107E20001188BFF34F8FBFF36F8FFEE78843606009
:107E300000F050F960686968084468602046FFF700
:107E4000E5FC2869401C2861BDE8704000F0CCBD0D
:107E500070BD0000640000204FF0E02000210161AF
:107E6000816105494FF47A720968B1FBF2F1491E4C
:107E700041610721016170470C00002010B5F8F73F
:107E800041FA114910280ED300F1E02090F8F003D8
:107E90000A78904207D2502080F31188BFF34F8FA9
:107EA000BFF36F8FFEE709480068896800F4E0605F
:107EB000884207D9502080F31188BFF34F8FBFF35A
:107EC0006F8FFEE710BD0000840000200CED00E085
:107ED00010B5084B002200BF53F832401CB1521CB1
:107EE000082AF9D310BD43F8321003EBC2014860F1
:107EF00010BD0000C001002070B515460E460446B6
:107F0000FFF744FF94F944100020491C01D184F884
:107F1000440094F94510491C01D184F84500FFF74D
:107F200055FFA06B28B92A46314604F1240000F021
:107F300071F82046BDE87040FFF716BE70B50D46DB
:107F400004000BD095B11E4A106BB8B1502080F3DD
:107F50001188BFF34F8FBFF36F8FFEE7502080F380
:107F60001188BFF34F8FBFF36F8FFEE7502080F370
:107F70001188BFF34F8FBFF36F8FFEE700F0AAF8B1
:107F8000D26823685919934204D98B420AD9914285
:107F900002D807E08B42FAD9881A21600021FFF746
:107FA00043FA00E0216000F01FFD002807D10549D9
:107FB0004FF080500860BFF34F8FBFF36F8F70BDDD
:107FC0001000002004ED00E002490A6A0260C9685E
:107FD000416070471000002001490120C8617047CE
:107FE0001000002010B50C4650B10949096818313D
:107FF000FFF7A8FE2046BDE810400121FFF714BAA4
:10800000502080F31188BFF34F8FBFF36F8FFEE7CF
:108010001000002070B514460D4668B10A49096881
:108020001831FFF7A7FE0CB14FF0FF352146284667
:10803000BDE87040FFF7F8B9502080F31188BFF316
:108040004F8FBFF36F8FFEE71000002030B587B071
:108050000024039405AA04A903A80494FFF74EFE84
:10806000DDE903010094CDE90110002315A11748B3
:10807000059A00F096FB164D0028E8621FD000F02C
:1080800015FD012809D0401C19D1502080F311881A
:10809000BFF34F8FBFF36F8FFEE7502080F311883F
:1080A000BFF34F8FBFF36F8F4FF0FF30A8620120F7
:1080B0006861EC6007B0BDE8304000F045B807B03B
:1080C00030BD000049444C4500000000C176000866
:1080D000100000200248016B491C0163704700003A
:1080E00010000020164810B5016B11B10121C161CB
:1080F00010BD0021C1610169124A01E0B9B1491EF8
:1081000001EB810352F82330002BF7D001EB810300
:1081100002EB830202F1080453685B685360A342D8
:1081200001D15B685360DA680260016110BD5020C4
:1081300080F31188BFF34F8FBFF36F8FFEE700000E
:1081400010000020000200201CB52649087801908C
:10815000FF20087008788DF800009DF800009DF859
:10816000002000F0F000904207D0502080F31188EA
:10817000BFF34F8FBFF36F8FFEE79DF800001A4CDF
:1081800000F0500020700720A06005E09DF800205E
:1081900052008DF80020401E9DF800201206F5D4F4
:1081A000A060032807D0502080F31188BFF34F8FC1
:1081B000BFF36F8FFEE74FF44070A0600198087026
:1081C0000A48016841F470010160016841F07041A2
:1081D0000160FFF741FE00206060F8F75DF80020C5
:1081E0001CBD000000E400E08400002020ED00E061
:1081F00010B5502080F31188BFF34F8FBFF36F8FFE
:1082000000F016FB18B104494FF0805008600020C0
:1082100080F3118810BD000004ED00E010B50246A7
:108220000021012000F012F80446FFF779FA2046F9
:1082300010BD38B50B46002200901146012000F019
:1082400026F80446FFF76CFA204638BDF8B5174605
:108250000E46050013D005FB06F05030FFF7BAFCC0
:1082600004000AD0002084F8460004F150023B4686
:10827000314628460094FFF75FFA2046F8BD5020AB
:1082800080F31188BFF34F8FBFF36F8FFEE738B5D0
:10829000049D18B153B1CAB181B120E0502080F3E0
:1082A0001188BFF34F8FBFF36F8FFEE7502080F32D
:1082B0001188BFF34F8FBFF36F8FFEE7502080F31D
:1082C0001188BFF34F8FBFF36F8FFEE739B1502096
:1082D00080F31188BFF34F8FBFF36F8FFEE75024F9
:1082E0001C46012384F846302B460094FFF724FAFD
:1082F000204638BD70B50D46040025D0FFF746FD79
:10830000D4E90F20216802FB0011A1600021A163C4
:10831000216861600A46D4E90F01401E00FB01217B
:10832000E16021464FF0FF3001F8440F487004F13E
:1083300010008DB1FFF7F8FC04F12400FFF7F4FC06
:10834000FFF744FD012070BD502080F31188BFF37A
:108350004F8FBFF36F8FFEE721690029F0D000F047
:108360000BFB0028ECD004494FF080500860BFF3AD
:108370004F8FBFF36F8FE3E704ED00E02DE9FF4778
:1083800082B01D468A464FF00008040003D0BAF1BF
:10839000000F08D011E0502080F31188BFF34F8FF9
:1083A000BFF36F8FFEE7206C38B1502080F3118847
:1083B000BFF34F8FBFF36F8FFEE7022D0AD1E06B43
:1083C000012807D0502080F31188BFF34F8FBFF3EF
:1083D0006F8FFEE700F010FA3F4F4FF000094FF0AB
:1083E000805648B9049838B1502080F31188BFF303
:1083F0004F8FBFF36F8FFEE7FFF7C8FCA06BE16BF9
:10840000884207D3022D05D00498D0B1B8F1000FEF
:108410001AD01EE02A4651462046FFF7DAF8616A74
:1084200019B104F1240000F0A7FA20B13E60BFF3B7
:108430004F8FBFF36F8FFFF7C9FC012006B0BDE877
:10844000F087FFF7C3FC22E06846FFF7BDFD4FF061
:108450000108FFF7BBFCFFF73DFEFFF797FC94F91F
:108460004400401C01D184F8449094F94500401C1C
:1084700001D184F84590FFF7A9FC04A9684600F0F3
:1084800029F930B12046FFF76FFB00F0ADFA00206C
:10849000D4E7FFF77BFCA06BE16B884213D1FFF7B9
:1084A00095FC04F110000499FFF79CFD2046FFF7AE
:1084B0005BFB00F099FA00289ED13E60BFF34F8F1E
:1084C000BFF36F8F98E7FFF781FC2046FFF74CFB67
:1084D00000F08AFA90E7000004ED00E02DE9F04793
:1084E0001F4690468946040003D0B9F1000F08D01A
:1084F00011E0502080F31188BFF34F8FBFF36F8FCF
:10850000FEE7206C38B1502080F31188BFF34F8F05
:10851000BFF36F8FFEE7022F0AD1E06B012807D06F
:10852000502080F31188BFF34F8FBFF36F8FFEE7AA
:10853000FFF7A4FC5020EFF3118680F31188BFF3FE
:108540004F8FBFF36F8FA06BE16B884206D3022F72
:1085500004D0002086F31188BDE8F08794F94550D7
:10856000A06B3A4649462046FFF733F8681C04D012
:108570006D1C84F845500120ECE7606A0028FAD0B1
:1085800004F1240000F0F8F90028F4D0B8F1000F4D
:10859000F1D00121C8F80010EDE700002DE9F74700
:1085A000002683B08A46040003D0BAF1000F08D039
:1085B00011E0502080F31188BFF34F8FBFF36F8F0E
:1085C000FEE7206C38B1502080F31188BFF34F8F45
:1085D000BFF36F8FFEE700F00FF9DFF8F4804FF084
:1085E00000094FF0805748B9059838B1502080F302
:1085F0001188BFF34F8FBFF36F8FFEE7FFF7C6FB06
:10860000A56BC5B151462046FEF7D0FF6D1EA56390
:10861000206950B104F1100000F0AEF928B1C8F89B
:108620000070BFF34F8FBFF36F8FFFF7CFFB0120B9
:1086300006B0BDE8F087059808B11EB106E0FFF767
:10864000C5FB27E06846FFF7BFFC0126FFF7BEFB2E
:10865000FFF740FDFFF79AFB94F94400401C01D15D
:1086600084F8449094F94500401C01D184F8459069
:10867000FFF7ACFB05A9684600F02CF8002820465F
:108680000AD0FFF771FA00F0AFF92046FFF700F9C2
:108690000028B3D00020CBE7FFF7FAF890B104F13F
:1086A00024000599FFF79EFC2046FFF75DFA00F0D5
:1086B0009BF90028A2D1C8F80070BFF34F8FBFF319
:1086C0006F8F9BE72046FFF74FFA00F08DF995E793
:1086D00004ED00E02DE9F0410C46050011D0C4B1D5
:1086E000FFF754FB174BDA686E682068911B471C34
:1086F00017D02F681B6A9F4219D0964217D80124C1
:1087000010E0502080F31188BFF34F8FBFF36F8FBD
:10871000FEE7502080F31188BFF34F8FBFF36F8FB8
:10872000FEE70024FFF752FB2046BDE8F0818842B7
:1087300005D9401A20602846FFF746FCF1E70020E3
:108740002060DCE7100000202DE9FF5F8346DDE9B3
:108750000E87994616468A469000FFF73BFA0500B9
:108760001CD05C20FFF736FA040014D000202563EB
:1087700084F85900CDE90240CDE900874B463246E6
:1087800051465846FEF7EAFF2046FEF77BFE0120E1
:1087900004B0BDE8F09F2846FFF72CFB4FF0FF30F8
:1087A000F6E7F0B585B0DDE90B640A9DA6B1DCB152
:1087B0005C2700972663022684F85960002604AFE0
:1087C000CDE90246CDE90057FEF7C8FF2046FEF787
:1087D00059FE049805B0F0BD502080F31188BFF316
:1087E0004F8FBFF36F8FFEE7502080F31188BFF3E8
:1087F0004F8FBFF36F8FFEE70548416919B1006BDA
:1088000018B1002070470120704702207047000017
:10881000100000200148C0687047000010000020D0
:1088200010B5FFF72BFB0148C06810BD10000020F9
:108830002DE9F0412E4C0027206B28B1A069401C87
:10884000A0613846BDE8F081E668761CE66013D189
:10885000606B006838B1502080F31188BFF34F8FF0
:10886000BFF36F8FFEE7606BA16B6163A063206A4B
:10887000401C2062FFF7F8F8A06ADFF87880864293
:1088800009D3606B0068A0B1606BC068C568686898
:10889000864211D2A0622068C06A00EB800158F8BD
:1088A0002100012800D90127E0690028C9D001274B
:1088B000C7E74FF0FF30EDE7281DFFF70BFAA86A76
:1088C00018B105F11800FFF705FAE86A2169884236
:1088D00000D9206100EB800108EB8100291DFFF722
:1088E00049FAE86A2168C96A8842CAD30127C8E7F9
:1088F000100000200002002070B504004FF00001BD
:1089000033D01B4D2868844207D0502080F3118853
:10891000BFF34F8FBFF36F8FFEE7206D38B1401E5E
:108920002065E36CE26A9A421FD040B11DE05020FE
:1089300080F31188BFF34F8FBFF36F8FFEE7201DC9
:10894000FFF7C8F9E06CE062C0F13800A061E06AAE
:108950002969884200D92861064900EB800001EBB3
:108960008000211DFFF706FA0121084670BD0000B6
:10897000100000200002002070B5C068C46854B127
:1089800004F118000646FFF7A5F9144D286B50B105
:108990003146134815E0502080F31188BFF34F8F04
:1089A000BFF36F8FFEE7201DFFF794F9E06A296996
:1089B000884200D928610B4900EB800001EB800060
:1089C000211DFFF7D7F9E06A2968C96A884202D9F0
:1089D0000120E86170BD002070BD00001000002083
:1089E00088060020000200202DE9F0472C4D0024CD
:1089F0002746286B38B1FFF7C9F9286B401E28635A
:108A0000286B40B146E0502080F31188BFF34F8FB0
:108A1000BFF36F8FFEE7A968224E0120D1B3A6F500
:108A2000916980463068E0B1F068C46804F11800CC
:108A3000FFF750F9201DFFF74DF9E06A29698842D8
:108A400000D9286100EB800109EB8100211DFFF7AF
:108A500091F9E06A2968C96A8842E3D3C5F81C80A5
:108A6000E0E70CB1FFF700F8AC694CB14FEA08063B
:108A7000FFF7DEFE00B1EE61641EF9D10020A861AF
:108A8000E86938B10849012738070860BFF34F8FFC
:108A9000BFF36F8FFFF79AF93846BDE8F087000003
:108AA000100000208806002004ED00E010B586B01C
:108AB000FEF750FD114C2068B8B1002003900490DF
:108AC00005AA04A903A8FFF723F9DDE90321022081
:108AD0008DE8070000230AA10B48059AFFF761FE05
:108AE000606010B106B0012010BD502080F31188E5
:108AF000BFF34F8FBFF36F8FFEE700004C000020E5
:108B0000546D722053766300457B00082DE9FF41C8
:108B10001E46134602000A9D4FF0000016D0144C6A
:108B20002768002F0FD0CDE900130292062917DA2B
:108B3000FFF762FE02284FF000030FD000226946C3
:108B40002068FFF71BFC04B0BDE8F081502080F3E3
:108B50001188BFF34F8FBFF36F8FFEE72A46EEE712
:108B60000023324669463846FFF7B8FCEBE70000C1
:108B70004C00002010B500290AD00878002807D042
:108B800005487844F7F79CFC002801D0002010BD70
:108B90000248784410BD0000AA240000A22400006E
:108BA00010B500290AD00878002807D00548784475
:108BB000F7F786FC002801D0002010BD0248784459
:108BC00010BD00009A2400009224000021F0004211
:108BD000A2F16052B2F5801F01F0004328BFD2F12C
:108BE0007F6C0BD95FEA001C43EAC20242EB507073
:108BF00018BF704728BF20F001007047B2F5801FF2
:108C0000BCBF184670474FEA410C1CF5001F02D24A
:108C1000084600F092BE70B500F058FB00000089D5
:108C2000FFF7F6BF4FF00040A0F58000704700004E
:108C300010B591EA030F48BF83F0004300F1E483CD
:108C4000841A71EB030C05D2121943EB0C03001BC1
:108C500061EB0C01DFF824E14FEA1154A4EB135C43
:108C60001EEA430F18BF9EEA445F73D023EA0E0347
:108C7000DCF1200E21EA045143F4801332D322FAAE
:108C80000CFE10EB0E0023FA0CFE41EB0E01CCF1B2
:108C9000200E03FA0EFE10EB0E0051F10001B1F5AB
:108CA000801FCCF1200E32D201EB045112FA0EF2E9
:108CB000BDE8104058BF7047401C38BF5FEA420211
:108CC00018BF7047002814BF20F0010041F10001D7
:108CD0004FEA410313F5001F38BF7047A1F1C041AF
:108CE00000F042BB012A43EB0302ACF1200CDCF1A3
:108CF0001F0E32BF4FF0000E23FA0CF310EB0300EF
:108D000041EB0451B4EB115FD0D0A1EB045101F55C
:108D1000801149085FEA300001EB04510ED350F195
:108D2000000038BF12FA0EFE08D1BDE81040C9E7B6
:108D3000401C38BF5FEA4202CAD1C3E7BDE8104019
:108D40004FEA410313F5001F38BF7047A1F1C0413E
:108D500000F00ABB9EEA445F08D011EA5E0FBDE84E
:108D6000104004BF01F0004100207047BDE81040F2
:108D700070B500F0ABFA00BF64FBBE3E0000E0FF40
:108D800002494FF0000000F08BBE00BF0000F87FEA
:108D9000491058BFC1F140415B1058BFC3F1404377
:108DA0008B42EFF3008070472DE9C04130B4DFF80B
:108DB000A0C23CEA111418BF3CEA131400F0EC8086
:108DC00081EA03051CEA111444EAD57418BF1CEAB1
:108DD000131500F0C780A4EB05044FF0004545EAE9
:108DE000C12145EAC32341EA505143EA525304F1F9
:108DF0007F74994204F500344FEAC0204FEAC22242
:108E000008BF904200F09C804FEA13650FF24016B5
:108E1000765D4FEA134506FB05F7C7F1807706FB41
:108E200007F74FEAD737A7FB03687642C8F58038C3
:108E3000A7FB06CE38BFA8F1010807FB08E64FF0F4
:108E4000000EA6FB028CE6FB03CEDCF1000CCEF19B
:108E5000004E38BFAEF1010EA6FB0C584FF00007D4
:108E60004FF00005E6FB0E87A1FB08C6A0FB07CE6E
:108E700016EB0E0645F10005E1FB076515F1E04E26
:108E80007EBFA4F580345FEA46066D4116F1800787
:108E900045F100054FEA17274FEA066647EA0567DE
:108EA000A6F1DE46B6F1805F4FEA15251FD9384698
:108EB00024F0010C05EBC471BCF1FE6F01EB0C1149
:108EC00002D8F0BCBDE8008124425CBF01F5801EE1
:108ED0009EEAC47F02D4F0BCBDE80081244238D4AD
:108EE000F0BCA1F1C041BDE8004100F03DBA4FEA3D
:108EF000D22242EA43524FEAD323A7FB02864FEA2B
:108F0000D02040EA415007FB03661EEA0E0F4FEAED
:108F1000D12105FB026658BFA6EB0056B6EB005602
:108F20004FEA520E4EEAC37E18EB0E0E56EB530E6E
:108F3000BDD518EB02085E417F1C55F10005B6E770
:108F40004FF480154FF000074FF000064FF0000877
:108F5000ADE7F0BC4FF0000001F1C04101F000416D
:108F6000BDE8008111EA0C1F0CEA131500D00CE0DB
:108F700013EA0C1F00F025804FF00000F0BC81EADE
:108F8000030101F00041BDE80081F0BCBDE80041F3
:108F900081EA030100F0E8B9F0BCBDE8004170B51A
:108FA00000F094F9097EFC3E00F007B881EA030165
:108FB0004FF0000001F00041704781EA030100F02A
:108FC000D3B9F0BCBDE800414FF000002149704723
:108FD000FFFDFBF9F7F5F4F2F0EEEDEBE9E8E6E47E
:108FE000E3E1E0DEDDDBDAD8D7D5D4D3D1D0CFCD05
:108FF000CCCBCAC8C7C6C5C4C2C1C0BFBEBDBCBB3E
:10900000BAB9B8B7B6B5B4B3B2B1B0AFAEADACAB38
:10901000AAA9A8A8A7A6A5A4A3A3A2A1A09F9F9E12
:109020009D9C9C9B9A9999989797969595949393C4
:10903000929191908F8F8E8E8D8C8C8B8B8A89895B
:1090400088888787868585848483838282818180DE
:109050000000FF070000F87F51EA030C17D41CF54D
:10906000801F58BFBCF5801F00F10680994218BFD1
:10907000704708BF9042704707D711F5801F58BF4F
:1090800013F5801F19D499427047894270471CF527
:10909000801F08D5BCF5801FF7D58B4218BF7047DD
:1090A00008BF824270474FF4001C1CEB410F38BFD1
:1090B0001CEB430F01D28B42704770B500F006F9EC
:1090C000922449004FF000514FF08053FFF760BEEB
:1090D00010F0004248BF4042B0FA80F310FA03F1AA
:1090E0000AD0C3F11D0303F580634FEA415002EB40
:1090F000035202EBD12170474FF00000704700008F
:1091000051EA030C17D41CF5801F58BFBCF5801F13
:1091100000F10680994218BF704708BF904270471F
:1091200007D711F5801F58BF13F5801F19D4994236
:109130007047894270471CF5801F08D5BCF5801F19
:10914000F7D58B4218BF704708BF824270474FF473
:10915000001C1CEB410F38BF1CEB430F01D28B42AC
:10916000704770B500F0B2F8922449004FF00051FA
:109170004FF08053FFF70CBEDFF848C170B51CEA12
:10918000111E1EBF1CEA13159EEA0C0F95EA0C0F68
:1091900000F06F8081EA030423EA4C134EEAD47E88
:1091A00021EA4C1141F4801143F48013AE44A1FB39
:1091B000024CA0FB0365AEF17F7E361955EB0C0522
:1091C000A1FB034C4CF10003A0FB021C16EB0C06A8
:1091D000654153F10003094218BF46F0010613F43C
:1091E000007F0BD14FEA03314FEA0530340341EAE7
:1091F000155140EA16506FF003020AE04FEAC3210E
:109200004FEAC520F40241EA555140EA56506FF04A
:10921000020202EB2E4201EB025585EACE710AD022
:109220005FEA440C18BF24F0004450F1000041F103
:10923000000120EAD47040F2FE7C624500D270BD8D
:10924000A84214BF4FF080444FF04044002E08BFA6
:109250000024BEF1806FA8BFA1F1C041BDE87040FD
:1092600080F282804FF0000001F1C04101F0004126
:1092700070479EEA0C0F0CEA131518BF95EA0C0F05
:1092800006D04FF0000081EA030E0EF0004170BDE1
:1092900000F01CF88900013E00F007B800F009B8A2
:1092A0004FEA430C5FEA5C5C08D081EA030100F0FE
:1092B0005BB84FEA410C5FEA5C5CF6D14FF000000E
:1092C000014970470000FF070000F87F0EF1020E11
:1092D0002EF0030E5EF8046B364205D4012A43EBF0
:1092E000030515F5001F12D8012841EB010C1CF5F0
:1092F000001F0CD80ED14FEAD17C15F5001F0CEBE6
:109300004C0C0CF1020C08BF4CEBD37C04E04FF08A
:10931000080C01E04FEAD37C0CEB4C0526FA05F66D
:1093200006F00706B6F1040C06D20EEB860CBDE87B
:1093300070404CF0010C6047DFE80CF0090B0202B2
:109340004FF000414FF00000A1F5002170BD19461B
:109350001046012851EB010418BFD4F5001484BF56
:10936000002001F0004170BD0808A0F500114FEA8F
:109370003101704753EA010C17D41CF5801F58BF08
:10938000BCF5801F00F106808B4218BF704708BFF4
:109390008242704707D713F5801F58BF11F5801F11
:1093A00019D48B4270479B4270471CF5801F08D52B
:1093B000BCF5801FF7D5994218BF704708BF90428F
:1093C00070474FF4001C1CEB430F38BF1CEB410FE0
:1093D00001D2994270470FB40CBC03BCFFF7C1BE69
:1093E00091EA030F10B581F000413FF529AC83F0FD
:1093F000004300F009B8000010B591EA030F48BF20
:1094000083F000433FF51CAC841A71EB030C07D2C8
:1094100012198CF0004C43EB0C03001B61EB0C01A8
:10942000DFF8A4E14FEA1154A4EB135C1EEA430FEA
:1094300018BF9EEA445F00F0B08023EA6E035242F8
:1094400021EA0451C3EB6E0338BF5B1EDCF1200E32
:1094500025D322FA0CFE10EB0E0043FA0CFE41EB72
:109460000E01CCF1200E03FA0EFE10EB0E0051F1AE
:109470000001CCF1200E29D412FA0EF201EB0451B6
:10948000BDE8104058BF7047401C1CBFB2F1004FF0
:10949000704700280CBF491C20F00100704712EBF8
:1094A000020E43EB030218BF4FF0010E4EEA4202D8
:1094B000ACF1200CDCF11E0E54D943FA0CFE10EB7B
:1094C0000E0051F1FF31CCF11E0ED5D50EF1010E7B
:1094D00012FA0EFE404141EB010101EB445C5FEAF0
:1094E0005C5C10D910EBDE7001EB045138BFBEF1AB
:1094F000004FBDE8104018BF704700280CBF491C42
:1095000020F00100704730D24FEAD42C11F5001141
:1095100024F400641BD0B1FA81F20B3AA41AA41E01
:10952000D2F12003914030FA03F31943904001EB4C
:10953000CC71002C01EB0451BDE81040A8BF70476E
:1095400001F1C0414FF0000001F000417047B0FA56
:1095500080F310FA03F100D110BDE41A173C48055E
:10956000C90AE4E701EB045110BD491001EB0451B5
:10957000BDE810404FEA300002E04FF000017047B4
:109580004A0008BF0042F8D0B2F5001F28BF70475C
:1095900001F000414FF0000070479EEA445F07D0A1
:1095A00011EA5E0FBDE8104004BF002100207047A3
:1095B000BDE8104070B5FFF789FE00BF40DFF63E02
:1095C00083F00041104670470000E0FF43004FEA7F
:1095D000D30C4FEA3C0C43401FBF40070CF16051D5
:1095E00013F0FE4F70471CF0006F03D100200CF009
:1095F000004170470CF0004343EA507010B540EA58
:10960000CC0000F054F900BF000000924FEA0001C6
:10961000FFF7AABE4FF000414FF00000A1F5002176
:109620007047000090EA010F48BF81F0004100F14F
:10963000C281421A3CBF801A89184FEAD0524FF0BB
:109640007F4C1CEA410FA2EBD15318BF9CEA026F7A
:1096500000F03B804FF0004C4CEA00204CEA012126
:1096600021FA03FC10EB0C0C1ED202F1FF325FEA70
:109670001C2040EBC25038BF70471CF07F0F4FEAF0
:10968000400C18BFBCF17F4F38BF7047C3F12003B7
:10969000994008BF20F00100BCF17F4F38BF7047F0
:1096A000A0F1C04000F049B94FEA3C00000A40EB8D
:1096B000C25028BF1CF0FF0F4FEA400CE6D018BF85
:1096C000BCF17F4F38BF7047EAE79CEA026F05D0D4
:1096D00010EA5C0F08BF00F00040704710B500F0C2
:1096E000E6F800BF64FBBE3E014800F0D9B900BFF8
:1096F0000000C07F401058BFC0F14040491058BF23
:10970000C1F140418142EFF30080704741000B0EF0
:10971000D3F19E0208D950F400034FEA032323FA41
:1097200002F048BF4042704710B500F0C0F800BFDB
:1097300049922480002070476FF0004282EA2000A6
:109740007047000050EA010C00F113801CF5000F77
:1097500058BFBCF5000F01D48842704707D710F5F9
:10976000000F58BF11F5000F15D488427047894289
:1097700070471CF5000F04D5BCF5000FF7D58142EA
:1097800070474FF0807C1CEB400F38BF1CEB410F43
:1097900001D28142704710B500F089F89224490047
:1097A0004FF000504FF08051FFF7A4BF4FF47F0CF3
:1097B0001CEAD0121EBF1CEAD11392EA0C0F93EAE6
:1097C0000C0F00F0478090EA010F48BF42F480720E
:1097D0004FF0004C4CEA00204CEA012102EB03025E
:1097E000A0FB0113A2F50002002918BF43F00103FA
:1097F0005B0028BF4FEA330342EB22425FEA132C9F
:109800004CEBC2502EBFBCEB436FB2F57C0F7047E0
:109810004FEA036CBCF1004F08BF20F00100B2F525
:109820007C0F38BF70470BD582F0FF0212F5803FE6
:10983000C8BF704700F1C040D8BF00F0004070477B
:1098400000F5000C5FEA4C0C48BF7047B0F1C04017
:1098500000F073B890EA010F0CEAD11348BF42F44C
:109860008072624538BF634504D280EA010000F08F
:109870000040704710B500F01AF800BF8900013EA3
:1098800000F007B800F009B85FEA410C5FEA1C6C11
:1098900008D080EA010000F050B85FEA400C5FEAAF
:1098A0001C6CF6D14FF00040A0F5800070470EF11F
:1098B000020E2EF0030E5EF8044B244204D44FEA4D
:1098C0004102B2F17F4F11D84FEA4003B3F17F4F0D
:1098D0000CD80ED14FEAD07CB2F17F4F0CEB4C0C80
:1098E0000CF1020C08BF4CEBD17C04E04FF0080CEB
:1098F00001E04FEAD17C0CEB4C0324FA03F404F0B2
:109900000704B4F1040C06D20EEB840CBDE8104041
:109910004CF0010C6047DFE80CF0070802024FF042
:109920000040A0F5800010BD0846420018BFD2F1EB
:10993000807288BF00F0004010BDFF2141EAD05086
:10994000C005704751EA000C00F113801CF5000FB0
:1099500058BFBCF5000F01D48142704707D711F5FD
:10996000000F58BF10F5000F15D48142704789428F
:1099700070471CF5000F04D5BCF5000FF7D58842E1
:1099800070474FF0807C1CEB410F38BF1CEB400F41
:1099900001D28842704780EA010081EA000180EA32
:1099A0000100FFF7F8BE000090EA010F48BF81F008
:1099B00000413FF53EAE421A04D882F00042A0EBCF
:1099C000020011444FEAD0524FF07F4C1CEA410F85
:1099D000A2EBD15318BF9CEA026F4AD04FF0004C63
:1099E0004CEA00204CEA012121FA03FCB0EB0C0CFC
:1099F0000FD412F0FE0F36D05FEA4C001DD50012D6
:109A000040EBC25038BF70471CF03F0F18BF704783
:109A10000BE0A2F101025FEA1C2040EBC25038BF0C
:109A200070471CF07F0F18BF7047C3F120039940A7
:109A300014BF401E20F00100704780084FEA122337
:109A400008BF7047B0FA80FCA2EB0C02CCF1280CE6
:109A500060FA0CF093EA122F04BF00EBC25070477B
:109A60004FEAC3707047130A5FEADC1008BF704703
:109A7000F6E79CEA026F04D010EA5C0F08BF0020F2
:109A8000704710B5FFF713FF40DFF63E81F000404E
:109A900070474FF000007047F7F7A4BAF7F7D8BB4C
:109AA0000CF00F03092B08BF082000F085800A2B5B
:109AB0000BD0082B18BF704708BF1CF0400F0AD00E
:109AC0004FF000004FF0000170471CF0400F18BF2E
:109AD0004FF0004070471CF0100F08D020F070438A
:109AE00000F07F4242EAD3014FEA4370704700F032
:109AF000604021F07F4242EA000201F07F4040EAEC
:109B0000727070474FF0FF0C4CF4E06C1CEA11537C
:109B10001CBF9CEA030C9445C2BFDA4201EB025120
:109B20007047002B0DD0BCF1000F0FD0002A01F0C0
:109B30000041A4BF41F0E04141F07F614FF00000DF
:109B4000704701F000414FF00000704750EA0133C8
:109B50004FF09B0C18BF4CF0806C7FF411A970473C
:109B60004FF0FF0212EAD0521CBF92F0FF038B426B
:109B7000C2BFD14200EBC1507047002A0AD0002B6F
:109B80000BD0002900F00040A4BF40F0FE4040F49C
:109B90000000704700F00040704743024FF00B0C8C
:109BA00018BF4CF0806C7FF49FAD7047F7F744BF4F
:109BB000F8F714B9F8F7A2BA1CF4801F11D01CF4FE
:109BC000E02F03D06FEACC31490070474FF040508E
:109BD000EFF3008222F0704242EA000282F3008832
:109BE00070474FF0000070470102020304050607AA
:109BF00008090A0B0C0D0E0F1010000000000000E9
:109C00000000010203040607080900000000010229
:109C1000030400000000000000000000000000003D
:109C20000000000000F800000000000000333000D9
:109C3000000000160E00160E0000000000000000DC
:109C4000000040C07840C0784000043F04043F0456
:109C50000400007088FC08300000001820FF211E5E
:109C60000000F008F000E018000000211C031E2195
:109C70001E0000F00888700000001E212324192710
:109C80002110000000160E0000000000000000007F
:109C90000000000000E01804020000000007182087
:109CA000400000020418E0000000004020180700F7
:109CB0000000404080F0804040000202010F01029D
:109CC0000200000000F0000000000101011F01017E
:109CD0000100000000000000000000B07000000063
:109CE000000000000000000000000001010101016F
:109CF0000101000000000000000000303000000002
:109D000000000000000080601804006018060100D8
:109D1000000000E010080810E000000F10202010E4
:109D20000F00001010F8000000000020203F20204D
:109D300000000070080808887000003028242221E4
:109D4000300000300888884830000018202020119A
:109D50000E000000C02010F8000000070424243F7B
:109D6000240000F808888808080000192120201124
:109D70000E0000E0108888180000000F112020114C
:109D80000E0000380808C83808000000003F000036
:109D900000000070880808887000001C2221212221
:109DA0001C0000E010080810E00000003122221121
:109DB0000F00000000C0C0000000000000303000B4
:109DC0000000000000C0C0000000000080B0700073
:109DD000000000008040201008000001020408106C
:109DE000200040404040404040000404040404047B
:109DF0000400000810204080000000201008040229
:109E00000100007048080808F0000000003036012A
:109E10000000C030C828E810E000071827242314E9
:109E20000B000000C038E0000000203C23020227A5
:109E3000382008F8888888700000203F20202011F2
:109E40000E00C0300808080838000718202020102D
:109E5000080008F808080810E000203F2020201023
:109E60000F0008F88888E8081000203F20202320F1
:109E7000180008F88888E8081000203F2000030038
:109E80000000C03008080838000007182020221EF3
:109E9000020008F808000008F808203F210101210D
:109EA0003F20000808F8080800000020203F20207C
:109EB000000000000808F8080800C08080807F00CB
:109EC000000008F888C028180800203F2001263824
:109ED000200008F8080000000000203F202020207B
:109EE000300008F8F800F8F80800203F003F003F75
:109EF000200008F830C00008F808203F20000718AC
:109F00003F00E01008080810E0000F10202020108B
:109F10000F0008F808080808F000203F210101019F
:109F20000000E01008080810E0000F182424385042
:109F30004F0008F8888888887000203F2000030CB4
:109F400030200070880808083800003820212122BD
:109F50001C00180808F8080818000000203F20001E
:109F6000000008F808000008F808001F2020202042
:109F70001F000878880000C83808000007380E0164
:109F80000000F80800F80008F800033C0700073C50
:109F90000300081868808068180820302C03032C00
:109FA00030200838C800C83808000000203F2000D2
:109FB000000010080808C838080020382621202092
:109FC0001800000000FE020202000000007F404076
:109FD0004000000C30C00000000000000001063806
:109FE000C00000020202FE000000004040407F006E
:109FF00000000020100804081020000000000000ED
:10A000000000000000000000000080808080808050
:10A010008080000204080000000000000000000032
:10A02000000000008080808000000019242222228D
:10A030003F2008F8008080000000003F1120201120
:10A040000E000000008080800000000E1120202003
:10A050001100000000808088F800000E1120201000
:10A060003F200000808080800000001F22222222EA
:10A070001300008080F0888888180020203F20206E
:10A0800000000000808080808000006B9494949396
:10A09000600008F8008080800000203F2100002040
:10A0A0003F2000809898000000000020203F2020E2
:10A0B0000000000000809898000000C08080807F31
:10A0C000000008F8000080808000203F24022D302E
:10A0D0002000000808F8000000000020203F202099
:10A0E00000008080808080808000203F20003F2012
:10A0F000003F008080008080000000203F21002081
:10A100003F200000808080800000001F2020202051
:10A110001F00808000808000000080FFA1202011AF
:10A120000E000000008080808000000E112020A022
:10A13000FF80808080008080800020203F212000E0
:10A1400001000000808080808000003324242424CB
:10A150001900008080E0808000000000001F2020A7
:10A1600000008080000000808000001F2020201060
:10A170003F20808080000080808000010E30080633
:10A18000010080800080008080800F300C030C3044
:10A190000F0000808000808080000020312E0E3172
:10A1A0002000808080000080808080818E70180672
:10A1B000010000808080808080000021302C2221DE
:10A1C000300000000000807C020200000000003F20
:10A1D000404000000000FF00000000000000FF0001
:10A1E00000000002027C800000000040403F0000B0
:10A1F000000000804040800000800000000000015E
:10A2000001000000000000000000002F000000001E
:10A210000700070000147F147F1400242A7F2A12ED
:10A2200000231308646200364955225000000007DD
:10A23000000000001C224100000041221C0000140C
:10A24000083E08140008083E0808000000A060004E
:10A2500000080808080800006060000000201008DE
:10A260000402003E5149453E0000427F400000424A
:10A2700061514946002141454B31001814127F10AD
:10A28000002745454539003C4A49493000017109DC
:10A29000050300364949493600064949291E000090
:10A2A0003636000000005636000000081422410037
:10A2B0000014141414140000412214080002015167
:10A2C0000906003E4955592E007C1211127C007F70
:10A2D00049494936003E41414122007F4141221C0B
:10A2E000007F49494941007F09090901003E414970
:10A2F000497A007F0808087F0000417F4100002064
:10A3000040413F01007F08142241007F404040400F
:10A31000007F020C027F007F0408107F003E414155
:10A32000413E007F09090906003E4151215E007F40
:10A33000091929460046494949310001017F0101B7
:10A34000003F4040403F001F2040201F003F40385A
:10A35000403F006314081463000708700807006199
:10A360005149454300007F4141000002040810208C
:10A37000000041417F00000402010204004040400F
:10A380004040000001020400002054545478007F33
:10A390004844443800384444442000384444487F0A
:10A3A00000385454541800087E0901020018A4A46F
:10A3B000A47C007F080404780000447D4000004035
:10A3C00080847D00007F102844000000417F400011
:10A3D000007C04180478007C0804047800384444A5
:10A3E000443800FC242424180018242418FC007C81
:10A3F0000804040800485454542000043F444020FA
:10A40000003C4040207C001C2040201C003C403090
:10A41000403C004428102844001CA0A0A07C00441C
:10A4200064544C440000087F41000000007F00009D
:10A430000000417F0800000804081008BDAD0000BE
:10A44000001060020CC004040404FC0404040400B2
:10A450000004047C0320202020203F2020202020F6
:10A4600000D0AD0000001010FF1010009010FF1081
:10A4700010F0800000000000FF00048241300F4017
:10A48000807F00010600BFC60000002424A4FEA3B4
:10A49000220022CC0000FF00000000080601FF009F
:10A4A000010404040404FF02020200BCBC0000001A
:10A4B000101010FF109008888888FF88888808008E
:10A4C0000444827F01808040432C10284681800014
:10A4D000C6BD00000000020212620202FE02024239
:10A4E000320202000001010101010101FF0101012D
:10A4F0000101010100BAE20000001088C42308F441
:10A5000093F29AF6004044C444000100FF00109703
:10A51000543F54971040807F0000B3B50000000006
:10A5200008884828180FE8080808080808000008E4
:10A53000080909090909FF0909090909080800B2F8
:10A54000E20000001060028C00FE02F202FE00F841
:10A5500000FF000004047E018047300F10270047F1
:10A56000807F0000CAD4000000404042CC009090A0
:10A57000909090FF10111610000000003F1028600E
:10A580003F1010010E3040F000B3CC000000242436
:10A59000A4FE2322003E22222222223E00000806A0
:10A5A00001FF0106404949497F4949494100D0F22C
:10A5B0000000000000FC04040414155694543414E4
:10A5C00004040040300F0001010141817F010101BD
:10A5D000050300CCE1000000101010FF109000FEF9
:10A5E0009292929292FE00000444827F0180423A4D
:10A5F0004282FE9292928200CABE00000040404217
:10A6000042424242C242424242424040002010087E
:10A61000060040807F0000000204083000D2D10014
:10A6200000000000E28282828282828282FE00003A
:10A63000000000003F4040404040404040404078E3
:10A640000000D6D8000000101014D4545454FC520A
:10A650005252D312101000404050575555557F5557
:10A6600055555750404000D6C3000000001715D57F
:10A670005557557D555755D5151700004040407F1B
:10A68000555555555555557F40404000B2CE0000B8
:10A6900000002020A86C2A3928A82A6CA8202000B5
:10A6A0000002828190924A49452422100801020248
:10A6B00000CAFD00000090523410FF103452807028
:10A6C0008F0808F80800829A566322528E00804054
:10A6D000330C33408000C7EB0000004042CC000048
:10A6E000445454547F54545444400000007F20107C
:10A6F00000FF15151555957F000000D7A20000003A
:10A700001060028C0008080809FA08080808000010
:10A7100004047E0140404141417F414141414000AC
:10A72000D2E2000000101012D2565A5253525A561A
:10A73000D2121010004030007785858DB585858553
:10A74000E700106000D6B4000000101010FF109059
:10A75000001010FF1010F00000000444827F018000
:10A7600040211A0718003F40F000D0D00000000040
:10A770001088C4330040424242C24242424000027A
:10A780000100FF0000000040807F0000000000D0BA
:10A79000A30000001010D0FF9010804828090E0878
:10A7A00028488800040300FF00018080432C102CFF
:10A7B00043808000D7BC00000000020CE04020F87D
:10A7C0004F4849FE484848080004047F000000FF45
:10A7D0002222223F2222222000A3BA0000000000F1
:10A7E0000000000000000000000000000000000069
:10A7F0003636000000000000000000000000B5F741
:10A800000000004042CC0000FE829292FE929282B2
:10A81000FE000000003F10887F001E1212125E80B2
:10A820007F0000CAD4000000404042CC00909090CD
:10A830009090FF10111610000000003F1028603F9C
:10A840001010010E3040F000C4A30000001010D022
:10A85000FF9014E4AFA4A4A4AFE404000004030038
:10A86000FF00894B2A1A0E1A2A4B888000CABD00A5
:10A870000000101090909090901010FF1010111682
:10A880001000002060203F10101000030C1020402A
:10A89000F800D3B20000000484E45C44C400F292E7
:10A8A00092FE9292F2020002017F10103F808F54BC
:10A8B000245F4484878000BCFE000000008060F8B4
:10A8C0000780601C1010FF1010100000010000FF36
:10A8D000000202020202FF0202020200B4AB000008
:10A8E00000008060F807404848E85F48484840401A
:10A8F00000010000FF0000020B1222D20A06000035
:10A9000000B8D00000000000FC04D4545454D40417
:10A910007F84C53604008866010063828292AB841E
:10A9200082C10224CF00C6F700000080809E929270
:10A93000929EE0809EB2D2929E80000808F494928B
:10A9400092F10001F2929494F80800B1A300000083
:10A95000008060F807003E2222E222223E00000032
:10A96000010000FF2011090503FF03050911200064
:10A97000B3D6000000101010FF1010404848487F68
:10A9800048C84840000444827F010002020A124283
:10A99000827F020200CAFA00000000FE0000FF00F1
:10A9A000868A5222524A86800000404044445564C0
:10A9B00045464464544444404000D6B10000000081
:10A9C0000404F49494949F949494F4040400004038
:10A9D00040407F4A4A4A4A4A4A4A7F40404000C76C
:10A9E000D2000000000000FE22222222222222FEAB
:10A9F000000000004040407F424242424242427FCB
:10AA000040404000BEB20000004454547F545444BF
:10AA1000202827E4342CE0000000FF1555957F0026
:10AA20000949897F09091F0100D6B900000000000B
:10AA300000F0000000FF4040404040000000404067
:10AA4000407F4040407F4040404040404000B5A5EE
:10AA50000000000000F8494A4C48F8484C4A49F8C0
:10AA600000000010101312121212FF121212121311
:10AA7000101000BBF700000080808888888888FF5D
:10AA8000888888888880800000007C404040407F23
:10AA900040404040FC000000BCFC0000004030EFA3
:10AAA000242480E49C105454FF547C100001017F46
:10AAB00021512618274445455F45454400C8B70045
:10AAC00000000484E45C44C42010E82724E4342C0F
:10AAD000E00002017F10103F80601F09093F498993
:10AAE0007F00C8CF000000404042CC0000000000C2
:10AAF000FF0000000000000000003F904820180701
:10AB000000071820408000CDEA000000100C04244B
:10AB1000242425262424242404140C0000818141AB
:10AB2000310F0101017F818181F10000B3C9000073
:10AB3000000000F8888888880808FF08090AC80803
:10AB40000080601F0010201F80402116182641F849
:10AB500000B1E00000002030AC633000FC2425266A
:10AB60002424243C000022672212523807FF097F68
:10AB7000093F89FF0000C2EB0000000484E45C444C
:10AB8000C40002F2828282FE80800002017F1010E7
:10AB90003F00080808084888403F00B5E70000006B
:10ABA0000000F888888888FF88888888F800000076
:10ABB00000001F080808087F888888889F80F000A8
:10ABC000BBFA0000001010D0FF901000FE0202023D
:10ABD000FE00000000040300FF0083601F0000006F
:10ABE0003F40407800B4AE00000000003C24242424
:10ABF00024FF242424243C000000001F0909090923
:10AC000009FF09090909091F0000BFDA0000000057
:10AC100000FC040404040404040404FC0000000018
:10AC2000007F2020202020202020207F000000B353
:10AC3000A400000080808080FF8080A090888482B3
:10AC40008080800000000000FF40211204081020D6
:10AC500020404000B0B4000000101010FF90209879
:10AC60008888E98E8888A898000242817F00008049
:10AC7000844B28102847800000B7B50000004040F2
:10AC800042CC0000FC24A4242222A3620000004045
:10AC9000201F205847504845424548504000BBD8E7
:10ACA0000000000000FE0202F2121212F20202FE86
:10ACB00000000000007F2020272424242720207F5C
:10ACC0000000000000000000FF0101013109090936
:10ACD00009897101010101FFFF80808080808096D9
:10ACE00081808080808080FFF0AF0008000000003D
:10ACF000000000000000000094AF00080000000009
:10AD00000000000000000000000000000002000041
:10AD1000180000000000000000000000D8AF00088C
:10AD20000000000000000000000000000000000023
:10AD300000020000280000000000000000000000E9
:10AD4000B0AF00080000000000000000000000009C
:10AD500000000000000200001800000000000000D9
:10AD600000000000A0AF000800000000000000008C
:10AD700000000000000000000002000018000000B9
:10AD80000000000000000000CCAF00080000000040
:10AD900000000000000000000000000000040000AF
:10ADA000180000000000000000000000E4AF0008F0
:10ADB0000000000000000000000000000000000093
:10ADC0000002000018000000000000000000000069
:10ADD000C0AF0008000000000000000000000000FC
:10ADE0000000000000020000180000000000000049
:10ADF000000000000000000000000000303132338D
:10AE0000343536373839414243444546403058009E
:10AE100030313233343536373839616263646566D0
:10AE2000403078000400000800000000000000022C
:10AE300000010000100000004FBB610567ACDD3F62
:10AE4000182D4454FB21E93F9BF681D20B73EF3F51
:10AE5000182D4454FB21F93FE2652F227F2B7A3CC9
:10AE6000075C143326A6813CBDCBF07A8807703C82
:10AE7000075C143326A6913CC4EB98999999C9BFF5
:10AE8000711623FEC671BCBF6D9A74AFF2B0B3BF2A
:10AE90009AFDDE522DDEADBF2F6C6A2C44B4A2BFEA
:10AEA0000D5555555555D53FFF8300922449C23F56
:10AEB0006E204CC5CD45B73F513DD0A0660DB13F8A
:10AEC000EB0D76244B7BA93F11DA22E33AAD903F9C
:10AED00000000000000000003031323334353637D6
:10AEE00038396162636465667870003031323334BA
:10AEF0003536373839414243444546585000000002
:10AF000002400000000000A000000000054000001A
:10AF1000000000C8000000000C4000000000409C41
:10AF200000000000194000000020BCBE000000002E
:10AF300034400000BFC91B8E00000004B540000073
:10AF4000504BCFD06607E2CF010000006C410000FB
:10AF50003E8251AADFEEA73401000000D942000072
:10AF6000DCB5A0E23A301F97FFFFFFFFB4450000B9
:10AF7000FD25A0C8E9A3C14FFFFFFFFFFF3F000071
:10AF80000000008000000000FF3F00000000008083
:10AF9000000000004F4C45445F5461736B0000009B
:10AFA00053706565645049445F5461736B000000E1
:10AFB000416E676C655049445F5461736B000000DB
:10AFC0004E52465F5461736B000000005345524976
:10AFD000414C5F5461736B004B45595F5461736B17
:10AFE000000000005475726E5F5461736B000000C6
:10AFF0004E52464D757465780000000058B1000847
:10B0000000000020C001000028010008ACB10008C9
:10B01000C0010020B83E00008401000800000000CC
:10B020000000F07FFFFFFFFFFFFFEF7F1C0000002D
:10B0300043000000F8FFFFFF0C0000000E000000BE
:10B040000F0000002E00000010010000430000006F
:10B05000F8FFFFFF00404040404040404040414139
:10B0600041414140404040404040404040404040DD
:10B070004040404040050202020202020202020277
:10B080000202020202202020202020202020200274
:10B090000202020202029090909090901010101004
:10B0A00010101010101010101010101010101010A0
:10B0B0000202020202028888888888880808080834
:10B0C0000808080808080808080808080808080800
:10B0D0000202020240000000000000000000000028
:10B0E0000000000000000000000000000000000060
:10B0F0000000000000000000000000000000000050
:10B10000000000000000000000000000000000003F
:10B11000000000000000000000000000000000002F
:10B12000000000000000000000000000000000001F
:10B13000000000000000000000000000000000000F
:10B1400000000000000000000000000000000000FF
:10B150000000000000000000320182100379127A22
:10B160001AAA01011C3E112233445505016823A08F
:10B17000404B803E08C11B48430422C31BC8420405
:10B1800022C2DA40204107124040CDCC4C3D1A4843
:10B19000341A48341BA041040216C11A8050091207
:0CB1A000541A20341A2034694461000065
:04000005080000ED02
:00000001FF
